object_data_id,status,image_type,object_type,image_ids,image_paths,missing_image_ids,preview,evidence
1,VERIFIED,1,1,25,res/data/img/25.img,,catalog_previews/obj_1_img_25.png,obj header image-slot shorts → res/data/img/{id}.img (GObjectData.init / PC loader main.b.a.e.a.d)
2,VERIFIED,1,1,25,res/data/img/25.img,,catalog_previews/obj_2_img_25.png,obj header image-slot shorts → res/data/img/{id}.img (GObjectData.init / PC loader main.b.a.e.a.d)
3,VERIFIED,1,1,25,res/data/img/25.img,,catalog_previews/obj_3_img_25.png,obj header image-slot shorts → res/data/img/{id}.img (GObjectData.init / PC loader main.b.a.e.a.d)
4,VERIFIED,1,1,25,res/data/img/25.img,,catalog_previews/obj_4_img_25.png,obj header image-slot shorts → res/data/img/{id}.img (GObjectData.init / PC loader main.b.a.e.a.d)
1000,VERIFIED,1,1,,,,,obj header image-slot shorts → res/data/img/{id}.img (GObjectData.init / PC loader main.b.a.e.a.d)
1001,VERIFIED,1,1,,,,,obj header image-slot shorts → res/data/img/{id}.img (GObjectData.init / PC loader main.b.a.e.a.d)
1002,VERIFIED,1,1,,,,,obj header image-slot shorts → res/data/img/{id}.img (GObjectData.init / PC loader main.b.a.e.a.d)
1003,VERIFIED,1,1,,,,,obj header image-slot shorts → res/data/img/{id}.img (GObjectData.init / PC loader main.b.a.e.a.d)
1004,VERIFIED,1,1,,,,,obj header image-slot shorts → res/data/img/{id}.img (GObjectData.init / PC loader main.b.a.e.a.d)
1005,VERIFIED,1,1,3321,res/data/img/3321.img,,catalog_previews/obj_1005_img_3321.png,obj header image-slot shorts → res/data/img/{id}.img (GObjectData.init / PC loader main.b.a.e.a.d)
1006,VERIFIED,1,1,3322,res/data/img/3322.img,,catalog_previews/obj_1006_img_3322.png,obj header image-slot shorts → res/data/img/{id}.img (GObjectData.init / PC loader main.b.a.e.a.d)
1007,VERIFIED,1,1,3323,res/data/img/3323.img,,catalog_previews/obj_1007_img_3323.png,obj header image-slot shorts → res/data/img/{id}.img (GObjectData.init / PC loader main.b.a.e.a.d)
1008,VERIFIED,1,1,7192,res/data/img/7192.img,,catalog_previews/obj_1008_img_7192.png,obj header image-slot shorts → res/data/img/{id}.img (GObjectData.init / PC loader main.b.a.e.a.d)
1009,VERIFIED,1,1,7193,res/data/img/7193.img,,catalog_previews/obj_1009_img_7193.png,obj header image-slot shorts → res/data/img/{id}.img (GObjectData.init / PC loader main.b.a.e.a.d)
1010,VERIFIED,1,1,7194,res/data/img/7194.img,,catalog_previews/obj_1010_img_7194.png,obj header image-slot shorts → res/data/img/{id}.img (GObjectData.init / PC loader main.b.a.e.a.d)
1011,VERIFIED,1,1,1011,res/data/img/1011.img,,catalog_previews/obj_1011_img_1011.png,obj header image-slot shorts → res/data/img/{id}.img (GObjectData.init / PC loader main.b.a.e.a.d)
1012,VERIFIED,1,1,7195,res/data/img/7195.img,,catalog_previews/obj_1012_img_7195.png,obj header image-slot shorts → res/data/img/{id}.img (GObjectData.init / PC loader main.b.a.e.a.d)
1013,VERIFIED,1,1,7196,res/data/img/7196.img,,catalog_previews/obj_1013_img_7196.png,obj header image-slot shorts → res/data/img/{id}.img (GObjectData.init / PC loader main.b.a.e.a.d)
1014,VERIFIED,1,1,7197,res/data/img/7197.img,,catalog_previews/obj_1014_img_7197.png,obj header image-slot shorts → res/data/img/{id}.img (GObjectData.init / PC loader main.b.a.e.a.d)
1015,VERIFIED,1,1,7198,res/data/img/7198.img,,catalog_previews/obj_1015_img_7198.png,obj header image-slot shorts → res/data/img/{id}.img (GObjectData.init / PC loader main.b.a.e.a.d)
1016,VERIFIED,1,1,7199,res/data/img/7199.img,,catalog_previews/obj_1016_img_7199.png,obj header image-slot shorts → res/data/img/{id}.img (GObjectData.init / PC loader main.b.a.e.a.d)
1017,VERIFIED,1,1,7200;7201,res/data/img/7200.img;res/data/img/7201.img,,catalog_previews/obj_1017_img_7200.png,obj header image-slot shorts → res/data/img/{id}.img (GObjectData.init / PC loader main.b.a.e.a.d)
1018,VERIFIED,1,1,7202;7201,res/data/img/7202.img;res/data/img/7201.img,,catalog_previews/obj_1018_img_7202.png,obj header image-slot shorts → res/data/img/{id}.img (GObjectData.init / PC loader main.b.a.e.a.d)
1019,VERIFIED,1,1,7203;7204,res/data/img/7203.img;res/data/img/7204.img,,catalog_previews/obj_1019_img_7203.png,obj header image-slot shorts → res/data/img/{id}.img (GObjectData.init / PC loader main.b.a.e.a.d)
1020,VERIFIED,1,1,7205;7204,res/data/img/7205.img;res/data/img/7204.img,,catalog_previews/obj_1020_img_7205.png,obj header image-slot shorts → res/data/img/{id}.img (GObjectData.init / PC loader main.b.a.e.a.d)
1099,VERIFIED,1,1,3170;3168;3169;3171,res/data/img/3170.img;res/data/img/3168.img;res/data/img/3169.img;res/data/img/3171.img,,catalog_previews/obj_1099_img_3170.png,obj header image-slot shorts → res/data/img/{id}.img (GObjectData.init / PC loader main.b.a.e.a.d)
1100,VERIFIED,1,1,1100,res/data/img/1100.img,,catalog_previews/obj_1100_img_1100.png,obj header image-slot shorts → res/data/img/{id}.img (GObjectData.init / PC loader main.b.a.e.a.d)
1101,VERIFIED,1,1,1101,res/data/img/1101.img,,catalog_previews/obj_1101_img_1101.png,obj header image-slot shorts → res/data/img/{id}.img (GObjectData.init / PC loader main.b.a.e.a.d)
1102,VERIFIED,1,1,3172;3174;3173;3175,res/data/img/3172.img;res/data/img/3174.img;res/data/img/3173.img;res/data/img/3175.img,,catalog_previews/obj_1102_img_3172.png,obj header image-slot shorts → res/data/img/{id}.img (GObjectData.init / PC loader main.b.a.e.a.d)
1103,VERIFIED,1,1,1102,res/data/img/1102.img,,catalog_previews/obj_1103_img_1102.png,obj header image-slot shorts → res/data/img/{id}.img (GObjectData.init / PC loader main.b.a.e.a.d)
1104,VERIFIED,1,1,1103,res/data/img/1103.img,,catalog_previews/obj_1104_img_1103.png,obj header image-slot shorts → res/data/img/{id}.img (GObjectData.init / PC loader main.b.a.e.a.d)
1105,VERIFIED,1,1,1108,res/data/img/1108.img,,catalog_previews/obj_1105_img_1108.png,obj header image-slot shorts → res/data/img/{id}.img (GObjectData.init / PC loader main.b.a.e.a.d)
1106,VERIFIED,1,1,1107,res/data/img/1107.img,,catalog_previews/obj_1106_img_1107.png,obj header image-slot shorts → res/data/img/{id}.img (GObjectData.init / PC loader main.b.a.e.a.d)
1107,VERIFIED,1,1,1109,res/data/img/1109.img,,catalog_previews/obj_1107_img_1109.png,obj header image-slot shorts → res/data/img/{id}.img (GObjectData.init / PC loader main.b.a.e.a.d)
1108,VERIFIED,1,1,1106,res/data/img/1106.img,,catalog_previews/obj_1108_img_1106.png,obj header image-slot shorts → res/data/img/{id}.img (GObjectData.init / PC loader main.b.a.e.a.d)
1109,VERIFIED,1,1,1104,res/data/img/1104.img,,catalog_previews/obj_1109_img_1104.png,obj header image-slot shorts → res/data/img/{id}.img (GObjectData.init / PC loader main.b.a.e.a.d)
1110,VERIFIED,1,1,1105,res/data/img/1105.img,,catalog_previews/obj_1110_img_1105.png,obj header image-slot shorts → res/data/img/{id}.img (GObjectData.init / PC loader main.b.a.e.a.d)
1111,VERIFIED,1,1,1110,res/data/img/1110.img,,catalog_previews/obj_1111_img_1110.png,obj header image-slot shorts → res/data/img/{id}.img (GObjectData.init / PC loader main.b.a.e.a.d)
1112,VERIFIED,1,1,1111;1113;1115,res/data/img/1111.img;res/data/img/1113.img;res/data/img/1115.img,,catalog_previews/obj_1112_img_1111.png,obj header image-slot shorts → res/data/img/{id}.img (GObjectData.init / PC loader main.b.a.e.a.d)
1113,VERIFIED,1,1,1112;1114;1116,res/data/img/1112.img;res/data/img/1114.img;res/data/img/1116.img,,catalog_previews/obj_1113_img_1112.png,obj header image-slot shorts → res/data/img/{id}.img (GObjectData.init / PC loader main.b.a.e.a.d)
1114,VERIFIED,1,1,1117,res/data/img/1117.img,,catalog_previews/obj_1114_img_1117.png,obj header image-slot shorts → res/data/img/{id}.img (GObjectData.init / PC loader main.b.a.e.a.d)
1115,VERIFIED,1,1,1118,res/data/img/1118.img,,catalog_previews/obj_1115_img_1118.png,obj header image-slot shorts → res/data/img/{id}.img (GObjectData.init / PC loader main.b.a.e.a.d)
1116,VERIFIED,1,1,1119,res/data/img/1119.img,,catalog_previews/obj_1116_img_1119.png,obj header image-slot shorts → res/data/img/{id}.img (GObjectData.init / PC loader main.b.a.e.a.d)
1117,VERIFIED,1,1,1120;1121;1122;1123,res/data/img/1120.img;res/data/img/1121.img;res/data/img/1122.img;res/data/img/1123.img,,catalog_previews/obj_1117_img_1120.png,obj header image-slot shorts → res/data/img/{id}.img (GObjectData.init / PC loader main.b.a.e.a.d)
1118,VERIFIED,1,1,1124;1125;1126;1127,res/data/img/1124.img;res/data/img/1125.img;res/data/img/1126.img;res/data/img/1127.img,,catalog_previews/obj_1118_img_1124.png,obj header image-slot shorts → res/data/img/{id}.img (GObjectData.init / PC loader main.b.a.e.a.d)
1119,VERIFIED,1,1,1128;1129;1130,res/data/img/1128.img;res/data/img/1129.img;res/data/img/1130.img,,catalog_previews/obj_1119_img_1128.png,obj header image-slot shorts → res/data/img/{id}.img (GObjectData.init / PC loader main.b.a.e.a.d)
1120,VERIFIED,1,1,1131;1132;1133,res/data/img/1131.img;res/data/img/1132.img;res/data/img/1133.img,,catalog_previews/obj_1120_img_1131.png,obj header image-slot shorts → res/data/img/{id}.img (GObjectData.init / PC loader main.b.a.e.a.d)
1121,VERIFIED,1,1,1137;1136;1135;1134,res/data/img/1137.img;res/data/img/1136.img;res/data/img/1135.img;res/data/img/1134.img,,catalog_previews/obj_1121_img_1137.png,obj header image-slot shorts → res/data/img/{id}.img (GObjectData.init / PC loader main.b.a.e.a.d)
1122,VERIFIED,1,1,1138;1139;1140,res/data/img/1138.img;res/data/img/1139.img;res/data/img/1140.img,,catalog_previews/obj_1122_img_1138.png,obj header image-slot shorts → res/data/img/{id}.img (GObjectData.init / PC loader main.b.a.e.a.d)
1123,VERIFIED,1,1,1141;1143;1142;1144,res/data/img/1141.img;res/data/img/1143.img;res/data/img/1142.img;res/data/img/1144.img,,catalog_previews/obj_1123_img_1141.png,obj header image-slot shorts → res/data/img/{id}.img (GObjectData.init / PC loader main.b.a.e.a.d)
1128,VERIFIED,1,1,1145;1146;1147;1148,res/data/img/1145.img;res/data/img/1146.img;res/data/img/1147.img;res/data/img/1148.img,,catalog_previews/obj_1128_img_1145.png,obj header image-slot shorts → res/data/img/{id}.img (GObjectData.init / PC loader main.b.a.e.a.d)
1129,VERIFIED,1,1,1150;1151;1149;1152,res/data/img/1150.img;res/data/img/1151.img;res/data/img/1149.img;res/data/img/1152.img,,catalog_previews/obj_1129_img_1150.png,obj header image-slot shorts → res/data/img/{id}.img (GObjectData.init / PC loader main.b.a.e.a.d)
1130,VERIFIED,1,1,1155;1154;1153,res/data/img/1155.img;res/data/img/1154.img;res/data/img/1153.img,,catalog_previews/obj_1130_img_1155.png,obj header image-slot shorts → res/data/img/{id}.img (GObjectData.init / PC loader main.b.a.e.a.d)
1131,VERIFIED,1,1,1157;1158;1156,res/data/img/1157.img;res/data/img/1158.img;res/data/img/1156.img,,catalog_previews/obj_1131_img_1157.png,obj header image-slot shorts → res/data/img/{id}.img (GObjectData.init / PC loader main.b.a.e.a.d)
1132,VERIFIED,1,1,1160;1159;1161,res/data/img/1160.img;res/data/img/1159.img;res/data/img/1161.img,,catalog_previews/obj_1132_img_1160.png,obj header image-slot shorts → res/data/img/{id}.img (GObjectData.init / PC loader main.b.a.e.a.d)
1133,VERIFIED,1,1,1162;1163;1164,res/data/img/1162.img;res/data/img/1163.img;res/data/img/1164.img,,catalog_previews/obj_1133_img_1162.png,obj header image-slot shorts → res/data/img/{id}.img (GObjectData.init / PC loader main.b.a.e.a.d)
1134,VERIFIED,1,1,1170;1169;1172;1171,res/data/img/1170.img;res/data/img/1169.img;res/data/img/1172.img;res/data/img/1171.img,,catalog_previews/obj_1134_img_1170.png,obj header image-slot shorts → res/data/img/{id}.img (GObjectData.init / PC loader main.b.a.e.a.d)
1135,VERIFIED,1,1,1165;1166;1168;1167,res/data/img/1165.img;res/data/img/1166.img;res/data/img/1168.img;res/data/img/1167.img,,catalog_previews/obj_1135_img_1165.png,obj header image-slot shorts → res/data/img/{id}.img (GObjectData.init / PC loader main.b.a.e.a.d)
1136,VERIFIED,1,1,1173;1174;1175,res/data/img/1173.img;res/data/img/1174.img;res/data/img/1175.img,,catalog_previews/obj_1136_img_1173.png,obj header image-slot shorts → res/data/img/{id}.img (GObjectData.init / PC loader main.b.a.e.a.d)
1137,VERIFIED,1,1,1176;1177;1178;1179,res/data/img/1176.img;res/data/img/1177.img;res/data/img/1178.img;res/data/img/1179.img,,catalog_previews/obj_1137_img_1176.png,obj header image-slot shorts → res/data/img/{id}.img (GObjectData.init / PC loader main.b.a.e.a.d)
1138,VERIFIED,1,1,1180,res/data/img/1180.img,,catalog_previews/obj_1138_img_1180.png,obj header image-slot shorts → res/data/img/{id}.img (GObjectData.init / PC loader main.b.a.e.a.d)
1139,VERIFIED,1,1,1181;1182;1183;1184,res/data/img/1181.img;res/data/img/1182.img;res/data/img/1183.img;res/data/img/1184.img,,catalog_previews/obj_1139_img_1181.png,obj header image-slot shorts → res/data/img/{id}.img (GObjectData.init / PC loader main.b.a.e.a.d)
1140,VERIFIED,1,1,1185;1186;1187,res/data/img/1185.img;res/data/img/1186.img;res/data/img/1187.img,,catalog_previews/obj_1140_img_1185.png,obj header image-slot shorts → res/data/img/{id}.img (GObjectData.init / PC loader main.b.a.e.a.d)
1141,VERIFIED,1,1,1188;1189;1190;1191,res/data/img/1188.img;res/data/img/1189.img;res/data/img/1190.img;res/data/img/1191.img,,catalog_previews/obj_1141_img_1188.png,obj header image-slot shorts → res/data/img/{id}.img (GObjectData.init / PC loader main.b.a.e.a.d)
1142,VERIFIED,1,1,1192,res/data/img/1192.img,,catalog_previews/obj_1142_img_1192.png,obj header image-slot shorts → res/data/img/{id}.img (GObjectData.init / PC loader main.b.a.e.a.d)
1143,VERIFIED,1,1,1193,res/data/img/1193.img,,catalog_previews/obj_1143_img_1193.png,obj header image-slot shorts → res/data/img/{id}.img (GObjectData.init / PC loader main.b.a.e.a.d)
1144,VERIFIED,1,1,1194,res/data/img/1194.img,,catalog_previews/obj_1144_img_1194.png,obj header image-slot shorts → res/data/img/{id}.img (GObjectData.init / PC loader main.b.a.e.a.d)
1145,VERIFIED,1,1,1195,res/data/img/1195.img,,catalog_previews/obj_1145_img_1195.png,obj header image-slot shorts → res/data/img/{id}.img (GObjectData.init / PC loader main.b.a.e.a.d)
1146,VERIFIED,1,1,1196;1197;1198,res/data/img/1196.img;res/data/img/1197.img;res/data/img/1198.img,,catalog_previews/obj_1146_img_1196.png,obj header image-slot shorts → res/data/img/{id}.img (GObjectData.init / PC loader main.b.a.e.a.d)
1147,VERIFIED,1,1,1199,res/data/img/1199.img,,catalog_previews/obj_1147_img_1199.png,obj header image-slot shorts → res/data/img/{id}.img (GObjectData.init / PC loader main.b.a.e.a.d)
1148,VERIFIED,1,1,1200,res/data/img/1200.img,,catalog_previews/obj_1148_img_1200.png,obj header image-slot shorts → res/data/img/{id}.img (GObjectData.init / PC loader main.b.a.e.a.d)
1149,VERIFIED,1,1,1201,res/data/img/1201.img,,catalog_previews/obj_1149_img_1201.png,obj header image-slot shorts → res/data/img/{id}.img (GObjectData.init / PC loader main.b.a.e.a.d)
1150,VERIFIED,1,1,1202,res/data/img/1202.img,,catalog_previews/obj_1150_img_1202.png,obj header image-slot shorts → res/data/img/{id}.img (GObjectData.init / PC loader main.b.a.e.a.d)
1151,VERIFIED,1,1,1203,res/data/img/1203.img,,catalog_previews/obj_1151_img_1203.png,obj header image-slot shorts → res/data/img/{id}.img (GObjectData.init / PC loader main.b.a.e.a.d)
1152,VERIFIED,1,1,1204,res/data/img/1204.img,,catalog_previews/obj_1152_img_1204.png,obj header image-slot shorts → res/data/img/{id}.img (GObjectData.init / PC loader main.b.a.e.a.d)
1153,VERIFIED,1,1,1205,res/data/img/1205.img,,catalog_previews/obj_1153_img_1205.png,obj header image-slot shorts → res/data/img/{id}.img (GObjectData.init / PC loader main.b.a.e.a.d)
1154,VERIFIED,1,1,1206,res/data/img/1206.img,,catalog_previews/obj_1154_img_1206.png,obj header image-slot shorts → res/data/img/{id}.img (GObjectData.init / PC loader main.b.a.e.a.d)
1155,VERIFIED,1,1,1207,res/data/img/1207.img,,catalog_previews/obj_1155_img_1207.png,obj header image-slot shorts → res/data/img/{id}.img (GObjectData.init / PC loader main.b.a.e.a.d)
1156,VERIFIED,1,1,1208,res/data/img/1208.img,,catalog_previews/obj_1156_img_1208.png,obj header image-slot shorts → res/data/img/{id}.img (GObjectData.init / PC loader main.b.a.e.a.d)
1157,VERIFIED,1,1,1209,res/data/img/1209.img,,catalog_previews/obj_1157_img_1209.png,obj header image-slot shorts → res/data/img/{id}.img (GObjectData.init / PC loader main.b.a.e.a.d)
1158,VERIFIED,1,1,1210,res/data/img/1210.img,,catalog_previews/obj_1158_img_1210.png,obj header image-slot shorts → res/data/img/{id}.img (GObjectData.init / PC loader main.b.a.e.a.d)
1159,VERIFIED,1,1,1211;1212;1213;1214;1215,res/data/img/1211.img;res/data/img/1212.img;res/data/img/1213.img;res/data/img/1214.img;res/data/img/1215.img,,catalog_previews/obj_1159_img_1211.png,obj header image-slot shorts → res/data/img/{id}.img (GObjectData.init / PC loader main.b.a.e.a.d)
1160,VERIFIED,1,1,1216,res/data/img/1216.img,,catalog_previews/obj_1160_img_1216.png,obj header image-slot shorts → res/data/img/{id}.img (GObjectData.init / PC loader main.b.a.e.a.d)
2000,VERIFIED,0,0,20002,res/data/img/20002.img,,catalog_previews/obj_2000_img_20002.png,obj header image-slot shorts → res/data/img/{id}.img (GObjectData.init / PC loader main.b.a.e.a.d)
2004,VERIFIED,1,1,,,,,obj header image-slot shorts → res/data/img/{id}.img (GObjectData.init / PC loader main.b.a.e.a.d)
2005,VERIFIED,1,1,,,,,obj header image-slot shorts → res/data/img/{id}.img (GObjectData.init / PC loader main.b.a.e.a.d)
2006,VERIFIED,1,1,,,,,obj header image-slot shorts → res/data/img/{id}.img (GObjectData.init / PC loader main.b.a.e.a.d)
2007,VERIFIED,1,1,,,,,obj header image-slot shorts → res/data/img/{id}.img (GObjectData.init / PC loader main.b.a.e.a.d)
2008,VERIFIED,1,1,,,,,obj header image-slot shorts → res/data/img/{id}.img (GObjectData.init / PC loader main.b.a.e.a.d)
2009,VERIFIED,1,1,,,,,obj header image-slot shorts → res/data/img/{id}.img (GObjectData.init / PC loader main.b.a.e.a.d)
2010,VERIFIED,1,1,,,,,obj header image-slot shorts → res/data/img/{id}.img (GObjectData.init / PC loader main.b.a.e.a.d)
2011,VERIFIED,1,1,,,,,obj header image-slot shorts → res/data/img/{id}.img (GObjectData.init / PC loader main.b.a.e.a.d)
2012,VERIFIED,1,1,,,,,obj header image-slot shorts → res/data/img/{id}.img (GObjectData.init / PC loader main.b.a.e.a.d)
2013,VERIFIED,1,1,,,,,obj header image-slot shorts → res/data/img/{id}.img (GObjectData.init / PC loader main.b.a.e.a.d)
2014,VERIFIED,1,1,,,,,obj header image-slot shorts → res/data/img/{id}.img (GObjectData.init / PC loader main.b.a.e.a.d)
2015,VERIFIED,1,1,,,,,obj header image-slot shorts → res/data/img/{id}.img (GObjectData.init / PC loader main.b.a.e.a.d)
2016,VERIFIED,1,1,,,,,obj header image-slot shorts → res/data/img/{id}.img (GObjectData.init / PC loader main.b.a.e.a.d)
2017,VERIFIED,1,1,,,,,obj header image-slot shorts → res/data/img/{id}.img (GObjectData.init / PC loader main.b.a.e.a.d)
2018,VERIFIED,1,1,,,,,obj header image-slot shorts → res/data/img/{id}.img (GObjectData.init / PC loader main.b.a.e.a.d)
2019,VERIFIED,1,1,,,,,obj header image-slot shorts → res/data/img/{id}.img (GObjectData.init / PC loader main.b.a.e.a.d)
2020,VERIFIED,1,1,,,,,obj header image-slot shorts → res/data/img/{id}.img (GObjectData.init / PC loader main.b.a.e.a.d)
2021,VERIFIED,1,1,,,,,obj header image-slot shorts → res/data/img/{id}.img (GObjectData.init / PC loader main.b.a.e.a.d)
2022,VERIFIED,1,1,,,,,obj header image-slot shorts → res/data/img/{id}.img (GObjectData.init / PC loader main.b.a.e.a.d)
2023,VERIFIED,1,1,,,,,obj header image-slot shorts → res/data/img/{id}.img (GObjectData.init / PC loader main.b.a.e.a.d)
2024,VERIFIED,1,1,,,,,obj header image-slot shorts → res/data/img/{id}.img (GObjectData.init / PC loader main.b.a.e.a.d)
2025,VERIFIED,1,1,,,,,obj header image-slot shorts → res/data/img/{id}.img (GObjectData.init / PC loader main.b.a.e.a.d)
2026,VERIFIED,1,1,,,,,obj header image-slot shorts → res/data/img/{id}.img (GObjectData.init / PC loader main.b.a.e.a.d)
2027,VERIFIED,1,1,,,,,obj header image-slot shorts → res/data/img/{id}.img (GObjectData.init / PC loader main.b.a.e.a.d)
2028,VERIFIED,1,1,,,,,obj header image-slot shorts → res/data/img/{id}.img (GObjectData.init / PC loader main.b.a.e.a.d)
2029,VERIFIED,1,1,,,,,obj header image-slot shorts → res/data/img/{id}.img (GObjectData.init / PC loader main.b.a.e.a.d)
2030,VERIFIED,1,1,,,,,obj header image-slot shorts → res/data/img/{id}.img (GObjectData.init / PC loader main.b.a.e.a.d)
2031,VERIFIED,1,1,,,,,obj header image-slot shorts → res/data/img/{id}.img (GObjectData.init / PC loader main.b.a.e.a.d)
2032,VERIFIED,1,1,,,,,obj header image-slot shorts → res/data/img/{id}.img (GObjectData.init / PC loader main.b.a.e.a.d)
2033,VERIFIED,1,1,,,,,obj header image-slot shorts → res/data/img/{id}.img (GObjectData.init / PC loader main.b.a.e.a.d)
2034,VERIFIED,1,1,,,,,obj header image-slot shorts → res/data/img/{id}.img (GObjectData.init / PC loader main.b.a.e.a.d)
2035,VERIFIED,1,1,,,,,obj header image-slot shorts → res/data/img/{id}.img (GObjectData.init / PC loader main.b.a.e.a.d)
2036,VERIFIED,1,1,3183,res/data/img/3183.img,,catalog_previews/obj_2036_img_3183.png,obj header image-slot shorts → res/data/img/{id}.img (GObjectData.init / PC loader main.b.a.e.a.d)
2037,VERIFIED,1,1,3184,res/data/img/3184.img,,catalog_previews/obj_2037_img_3184.png,obj header image-slot shorts → res/data/img/{id}.img (GObjectData.init / PC loader main.b.a.e.a.d)
2038,VERIFIED,1,1,3185,res/data/img/3185.img,,catalog_previews/obj_2038_img_3185.png,obj header image-slot shorts → res/data/img/{id}.img (GObjectData.init / PC loader main.b.a.e.a.d)
2039,VERIFIED,1,1,458;459;461;460;9000,res/data/img/458.img;res/data/img/459.img;res/data/img/461.img;res/data/img/460.img;res/data/img/9000.img,,catalog_previews/obj_2039_img_458.png,obj header image-slot shorts → res/data/img/{id}.img (GObjectData.init / PC loader main.b.a.e.a.d)
2040,VERIFIED,1,1,,,,,obj header image-slot shorts → res/data/img/{id}.img (GObjectData.init / PC loader main.b.a.e.a.d)
2041,VERIFIED,1,1,3196,res/data/img/3196.img,,catalog_previews/obj_2041_img_3196.png,obj header image-slot shorts → res/data/img/{id}.img (GObjectData.init / PC loader main.b.a.e.a.d)
2042,VERIFIED,1,1,,,,,obj header image-slot shorts → res/data/img/{id}.img (GObjectData.init / PC loader main.b.a.e.a.d)
2043,VERIFIED,1,1,,,,,obj header image-slot shorts → res/data/img/{id}.img (GObjectData.init / PC loader main.b.a.e.a.d)
2044,VERIFIED,1,1,,,,,obj header image-slot shorts → res/data/img/{id}.img (GObjectData.init / PC loader main.b.a.e.a.d)
2045,VERIFIED,1,1,3202;3203,res/data/img/3202.img;res/data/img/3203.img,,catalog_previews/obj_2045_img_3202.png,obj header image-slot shorts → res/data/img/{id}.img (GObjectData.init / PC loader main.b.a.e.a.d)
2046,VERIFIED,1,1,,,,,obj header image-slot shorts → res/data/img/{id}.img (GObjectData.init / PC loader main.b.a.e.a.d)
2047,VERIFIED,1,1,,,,,obj header image-slot shorts → res/data/img/{id}.img (GObjectData.init / PC loader main.b.a.e.a.d)
2048,VERIFIED,1,1,,,,,obj header image-slot shorts → res/data/img/{id}.img (GObjectData.init / PC loader main.b.a.e.a.d)
2049,VERIFIED,1,1,,,,,obj header image-slot shorts → res/data/img/{id}.img (GObjectData.init / PC loader main.b.a.e.a.d)
2050,VERIFIED,1,1,,,,,obj header image-slot shorts → res/data/img/{id}.img (GObjectData.init / PC loader main.b.a.e.a.d)
2051,VERIFIED,1,1,,,,,obj header image-slot shorts → res/data/img/{id}.img (GObjectData.init / PC loader main.b.a.e.a.d)
2052,VERIFIED,1,1,,,,,obj header image-slot shorts → res/data/img/{id}.img (GObjectData.init / PC loader main.b.a.e.a.d)
2053,VERIFIED,1,1,,,,,obj header image-slot shorts → res/data/img/{id}.img (GObjectData.init / PC loader main.b.a.e.a.d)
2054,VERIFIED,1,1,,,,,obj header image-slot shorts → res/data/img/{id}.img (GObjectData.init / PC loader main.b.a.e.a.d)
2055,VERIFIED,1,1,,,,,obj header image-slot shorts → res/data/img/{id}.img (GObjectData.init / PC loader main.b.a.e.a.d)
2056,VERIFIED,1,1,,,,,obj header image-slot shorts → res/data/img/{id}.img (GObjectData.init / PC loader main.b.a.e.a.d)
2057,VERIFIED,1,1,,,,,obj header image-slot shorts → res/data/img/{id}.img (GObjectData.init / PC loader main.b.a.e.a.d)
2058,VERIFIED,1,1,,,,,obj header image-slot shorts → res/data/img/{id}.img (GObjectData.init / PC loader main.b.a.e.a.d)
2059,VERIFIED,1,1,,,,,obj header image-slot shorts → res/data/img/{id}.img (GObjectData.init / PC loader main.b.a.e.a.d)
2060,VERIFIED,1,1,,,,,obj header image-slot shorts → res/data/img/{id}.img (GObjectData.init / PC loader main.b.a.e.a.d)
2061,VERIFIED,1,1,,,,,obj header image-slot shorts → res/data/img/{id}.img (GObjectData.init / PC loader main.b.a.e.a.d)
2062,VERIFIED,1,1,,,,,obj header image-slot shorts → res/data/img/{id}.img (GObjectData.init / PC loader main.b.a.e.a.d)
2063,VERIFIED,1,1,,,,,obj header image-slot shorts → res/data/img/{id}.img (GObjectData.init / PC loader main.b.a.e.a.d)
2064,VERIFIED,1,1,3242,res/data/img/3242.img,,catalog_previews/obj_2064_img_3242.png,obj header image-slot shorts → res/data/img/{id}.img (GObjectData.init / PC loader main.b.a.e.a.d)
2065,VERIFIED,1,1,3255,res/data/img/3255.img,,catalog_previews/obj_2065_img_3255.png,obj header image-slot shorts → res/data/img/{id}.img (GObjectData.init / PC loader main.b.a.e.a.d)
2066,VERIFIED,1,1,,,,,obj header image-slot shorts → res/data/img/{id}.img (GObjectData.init / PC loader main.b.a.e.a.d)
2067,VERIFIED,1,1,3257,res/data/img/3257.img,,catalog_previews/obj_2067_img_3257.png,obj header image-slot shorts → res/data/img/{id}.img (GObjectData.init / PC loader main.b.a.e.a.d)
2068,VERIFIED,1,1,,,,,obj header image-slot shorts → res/data/img/{id}.img (GObjectData.init / PC loader main.b.a.e.a.d)
2069,VERIFIED,1,1,3259,res/data/img/3259.img,,catalog_previews/obj_2069_img_3259.png,obj header image-slot shorts → res/data/img/{id}.img (GObjectData.init / PC loader main.b.a.e.a.d)
2070,VERIFIED,1,1,3261,res/data/img/3261.img,,catalog_previews/obj_2070_img_3261.png,obj header image-slot shorts → res/data/img/{id}.img (GObjectData.init / PC loader main.b.a.e.a.d)
2071,VERIFIED,1,1,,,,,obj header image-slot shorts → res/data/img/{id}.img (GObjectData.init / PC loader main.b.a.e.a.d)
2072,VERIFIED,1,1,3263,res/data/img/3263.img,,catalog_previews/obj_2072_img_3263.png,obj header image-slot shorts → res/data/img/{id}.img (GObjectData.init / PC loader main.b.a.e.a.d)
2073,VERIFIED,1,1,3262,res/data/img/3262.img,,catalog_previews/obj_2073_img_3262.png,obj header image-slot shorts → res/data/img/{id}.img (GObjectData.init / PC loader main.b.a.e.a.d)
2074,VERIFIED,1,1,3265,res/data/img/3265.img,,catalog_previews/obj_2074_img_3265.png,obj header image-slot shorts → res/data/img/{id}.img (GObjectData.init / PC loader main.b.a.e.a.d)
2075,VERIFIED,1,1,3067,res/data/img/3067.img,,catalog_previews/obj_2075_img_3067.png,obj header image-slot shorts → res/data/img/{id}.img (GObjectData.init / PC loader main.b.a.e.a.d)
2076,VERIFIED,1,1,3266,res/data/img/3266.img,,catalog_previews/obj_2076_img_3266.png,obj header image-slot shorts → res/data/img/{id}.img (GObjectData.init / PC loader main.b.a.e.a.d)
2077,VERIFIED,1,1,3277,res/data/img/3277.img,,catalog_previews/obj_2077_img_3277.png,obj header image-slot shorts → res/data/img/{id}.img (GObjectData.init / PC loader main.b.a.e.a.d)
2078,VERIFIED,1,1,3282,res/data/img/3282.img,,catalog_previews/obj_2078_img_3282.png,obj header image-slot shorts → res/data/img/{id}.img (GObjectData.init / PC loader main.b.a.e.a.d)
2079,VERIFIED,1,1,3283,res/data/img/3283.img,,catalog_previews/obj_2079_img_3283.png,obj header image-slot shorts → res/data/img/{id}.img (GObjectData.init / PC loader main.b.a.e.a.d)
2080,VERIFIED,1,1,3289,res/data/img/3289.img,,catalog_previews/obj_2080_img_3289.png,obj header image-slot shorts → res/data/img/{id}.img (GObjectData.init / PC loader main.b.a.e.a.d)
2081,VERIFIED,1,1,3290,res/data/img/3290.img,,catalog_previews/obj_2081_img_3290.png,obj header image-slot shorts → res/data/img/{id}.img (GObjectData.init / PC loader main.b.a.e.a.d)
2608,VERIFIED,1,1,3258,res/data/img/3258.img,,catalog_previews/obj_2608_img_3258.png,obj header image-slot shorts → res/data/img/{id}.img (GObjectData.init / PC loader main.b.a.e.a.d)
2609,VERIFIED,1,1,3267,res/data/img/3267.img,,catalog_previews/obj_2609_img_3267.png,obj header image-slot shorts → res/data/img/{id}.img (GObjectData.init / PC loader main.b.a.e.a.d)
2610,VERIFIED,1,1,3272,res/data/img/3272.img,,catalog_previews/obj_2610_img_3272.png,obj header image-slot shorts → res/data/img/{id}.img (GObjectData.init / PC loader main.b.a.e.a.d)
2611,VERIFIED,1,1,3291,res/data/img/3291.img,,catalog_previews/obj_2611_img_3291.png,obj header image-slot shorts → res/data/img/{id}.img (GObjectData.init / PC loader main.b.a.e.a.d)
2612,VERIFIED,1,1,3314,res/data/img/3314.img,,catalog_previews/obj_2612_img_3314.png,obj header image-slot shorts → res/data/img/{id}.img (GObjectData.init / PC loader main.b.a.e.a.d)
2613,VERIFIED,1,1,3315,res/data/img/3315.img,,catalog_previews/obj_2613_img_3315.png,obj header image-slot shorts → res/data/img/{id}.img (GObjectData.init / PC loader main.b.a.e.a.d)
2614,VERIFIED,1,1,3316,res/data/img/3316.img,,catalog_previews/obj_2614_img_3316.png,obj header image-slot shorts → res/data/img/{id}.img (GObjectData.init / PC loader main.b.a.e.a.d)
2615,VERIFIED,1,1,3317,res/data/img/3317.img,,catalog_previews/obj_2615_img_3317.png,obj header image-slot shorts → res/data/img/{id}.img (GObjectData.init / PC loader main.b.a.e.a.d)
2616,VERIFIED,1,1,3318,res/data/img/3318.img,,catalog_previews/obj_2616_img_3318.png,obj header image-slot shorts → res/data/img/{id}.img (GObjectData.init / PC loader main.b.a.e.a.d)
2617,VERIFIED,1,1,3319,res/data/img/3319.img,,catalog_previews/obj_2617_img_3319.png,obj header image-slot shorts → res/data/img/{id}.img (GObjectData.init / PC loader main.b.a.e.a.d)
2618,VERIFIED,1,1,3320,res/data/img/3320.img,,catalog_previews/obj_2618_img_3320.png,obj header image-slot shorts → res/data/img/{id}.img (GObjectData.init / PC loader main.b.a.e.a.d)
2619,VERIFIED,1,1,3320,res/data/img/3320.img,,catalog_previews/obj_2619_img_3320.png,obj header image-slot shorts → res/data/img/{id}.img (GObjectData.init / PC loader main.b.a.e.a.d)
2620,VERIFIED,1,1,3324,res/data/img/3324.img,,catalog_previews/obj_2620_img_3324.png,obj header image-slot shorts → res/data/img/{id}.img (GObjectData.init / PC loader main.b.a.e.a.d)
2621,VERIFIED,1,1,3325,res/data/img/3325.img,,catalog_previews/obj_2621_img_3325.png,obj header image-slot shorts → res/data/img/{id}.img (GObjectData.init / PC loader main.b.a.e.a.d)
2622,VERIFIED,1,1,3326,res/data/img/3326.img,,catalog_previews/obj_2622_img_3326.png,obj header image-slot shorts → res/data/img/{id}.img (GObjectData.init / PC loader main.b.a.e.a.d)
2623,VERIFIED,1,1,3327,res/data/img/3327.img,,catalog_previews/obj_2623_img_3327.png,obj header image-slot shorts → res/data/img/{id}.img (GObjectData.init / PC loader main.b.a.e.a.d)
2624,VERIFIED,1,1,3328,res/data/img/3328.img,,catalog_previews/obj_2624_img_3328.png,obj header image-slot shorts → res/data/img/{id}.img (GObjectData.init / PC loader main.b.a.e.a.d)
2625,VERIFIED,1,1,3329,res/data/img/3329.img,,catalog_previews/obj_2625_img_3329.png,obj header image-slot shorts → res/data/img/{id}.img (GObjectData.init / PC loader main.b.a.e.a.d)
2626,VERIFIED,1,1,3330,res/data/img/3330.img,,catalog_previews/obj_2626_img_3330.png,obj header image-slot shorts → res/data/img/{id}.img (GObjectData.init / PC loader main.b.a.e.a.d)
2627,VERIFIED,1,1,3331,res/data/img/3331.img,,catalog_previews/obj_2627_img_3331.png,obj header image-slot shorts → res/data/img/{id}.img (GObjectData.init / PC loader main.b.a.e.a.d)
2628,VERIFIED,1,1,3332;3333;3334;3335;3336,res/data/img/3332.img;res/data/img/3333.img;res/data/img/3334.img;res/data/img/3335.img;res/data/img/3336.img,,catalog_previews/obj_2628_img_3332.png,obj header image-slot shorts → res/data/img/{id}.img (GObjectData.init / PC loader main.b.a.e.a.d)
2629,VERIFIED,1,1,3337,res/data/img/3337.img,,catalog_previews/obj_2629_img_3337.png,obj header image-slot shorts → res/data/img/{id}.img (GObjectData.init / PC loader main.b.a.e.a.d)
2630,VERIFIED,1,1,3338,res/data/img/3338.img,,catalog_previews/obj_2630_img_3338.png,obj header image-slot shorts → res/data/img/{id}.img (GObjectData.init / PC loader main.b.a.e.a.d)
2631,VERIFIED,1,1,3339,res/data/img/3339.img,,catalog_previews/obj_2631_img_3339.png,obj header image-slot shorts → res/data/img/{id}.img (GObjectData.init / PC loader main.b.a.e.a.d)
8000,VERIFIED,1,1,3292,res/data/img/3292.img,,catalog_previews/obj_8000_img_3292.png,obj header image-slot shorts → res/data/img/{id}.img (GObjectData.init / PC loader main.b.a.e.a.d)
8001,VERIFIED,1,1,3293,res/data/img/3293.img,,catalog_previews/obj_8001_img_3293.png,obj header image-slot shorts → res/data/img/{id}.img (GObjectData.init / PC loader main.b.a.e.a.d)
8002,VERIFIED,1,1,3294,res/data/img/3294.img,,catalog_previews/obj_8002_img_3294.png,obj header image-slot shorts → res/data/img/{id}.img (GObjectData.init / PC loader main.b.a.e.a.d)
8003,VERIFIED,1,1,3295,res/data/img/3295.img,,catalog_previews/obj_8003_img_3295.png,obj header image-slot shorts → res/data/img/{id}.img (GObjectData.init / PC loader main.b.a.e.a.d)
8004,VERIFIED,1,1,3296,res/data/img/3296.img,,catalog_previews/obj_8004_img_3296.png,obj header image-slot shorts → res/data/img/{id}.img (GObjectData.init / PC loader main.b.a.e.a.d)
8005,VERIFIED,1,1,3297,res/data/img/3297.img,,catalog_previews/obj_8005_img_3297.png,obj header image-slot shorts → res/data/img/{id}.img (GObjectData.init / PC loader main.b.a.e.a.d)
8006,VERIFIED,1,1,3298,res/data/img/3298.img,,catalog_previews/obj_8006_img_3298.png,obj header image-slot shorts → res/data/img/{id}.img (GObjectData.init / PC loader main.b.a.e.a.d)
8007,VERIFIED,1,1,3299,res/data/img/3299.img,,catalog_previews/obj_8007_img_3299.png,obj header image-slot shorts → res/data/img/{id}.img (GObjectData.init / PC loader main.b.a.e.a.d)
8008,VERIFIED,1,1,3300,res/data/img/3300.img,,catalog_previews/obj_8008_img_3300.png,obj header image-slot shorts → res/data/img/{id}.img (GObjectData.init / PC loader main.b.a.e.a.d)
8009,VERIFIED,1,1,3301,res/data/img/3301.img,,catalog_previews/obj_8009_img_3301.png,obj header image-slot shorts → res/data/img/{id}.img (GObjectData.init / PC loader main.b.a.e.a.d)
8010,VERIFIED,1,1,3302;3301,res/data/img/3302.img;res/data/img/3301.img,,catalog_previews/obj_8010_img_3302.png,obj header image-slot shorts → res/data/img/{id}.img (GObjectData.init / PC loader main.b.a.e.a.d)
8011,VERIFIED,1,1,3303,res/data/img/3303.img,,catalog_previews/obj_8011_img_3303.png,obj header image-slot shorts → res/data/img/{id}.img (GObjectData.init / PC loader main.b.a.e.a.d)
8012,VERIFIED,1,1,3304,res/data/img/3304.img,,catalog_previews/obj_8012_img_3304.png,obj header image-slot shorts → res/data/img/{id}.img (GObjectData.init / PC loader main.b.a.e.a.d)
8013,VERIFIED,1,1,3305,res/data/img/3305.img,,catalog_previews/obj_8013_img_3305.png,obj header image-slot shorts → res/data/img/{id}.img (GObjectData.init / PC loader main.b.a.e.a.d)
8014,VERIFIED,1,1,3303,res/data/img/3303.img,,catalog_previews/obj_8014_img_3303.png,obj header image-slot shorts → res/data/img/{id}.img (GObjectData.init / PC loader main.b.a.e.a.d)
8015,VERIFIED,1,1,3304;3300,res/data/img/3304.img;res/data/img/3300.img,,catalog_previews/obj_8015_img_3304.png,obj header image-slot shorts → res/data/img/{id}.img (GObjectData.init / PC loader main.b.a.e.a.d)
8016,VERIFIED,1,1,3306,res/data/img/3306.img,,catalog_previews/obj_8016_img_3306.png,obj header image-slot shorts → res/data/img/{id}.img (GObjectData.init / PC loader main.b.a.e.a.d)
8017,VERIFIED,1,1,3307,res/data/img/3307.img,,catalog_previews/obj_8017_img_3307.png,obj header image-slot shorts → res/data/img/{id}.img (GObjectData.init / PC loader main.b.a.e.a.d)
8018,VERIFIED,1,1,3313,res/data/img/3313.img,,catalog_previews/obj_8018_img_3313.png,obj header image-slot shorts → res/data/img/{id}.img (GObjectData.init / PC loader main.b.a.e.a.d)
8019,VERIFIED,1,1,3309,res/data/img/3309.img,,catalog_previews/obj_8019_img_3309.png,obj header image-slot shorts → res/data/img/{id}.img (GObjectData.init / PC loader main.b.a.e.a.d)
8020,VERIFIED,1,1,3310,res/data/img/3310.img,,catalog_previews/obj_8020_img_3310.png,obj header image-slot shorts → res/data/img/{id}.img (GObjectData.init / PC loader main.b.a.e.a.d)
8021,VERIFIED,1,1,3308,res/data/img/3308.img,,catalog_previews/obj_8021_img_3308.png,obj header image-slot shorts → res/data/img/{id}.img (GObjectData.init / PC loader main.b.a.e.a.d)
8022,VERIFIED,1,1,3312,res/data/img/3312.img,,catalog_previews/obj_8022_img_3312.png,obj header image-slot shorts → res/data/img/{id}.img (GObjectData.init / PC loader main.b.a.e.a.d)
8023,VERIFIED,1,1,3311,res/data/img/3311.img,,catalog_previews/obj_8023_img_3311.png,obj header image-slot shorts → res/data/img/{id}.img (GObjectData.init / PC loader main.b.a.e.a.d)
8800,VERIFIED,1,1,8800;8801,res/data/img/8800.img;res/data/img/8801.img,,catalog_previews/obj_8800_img_8800.png,obj header image-slot shorts → res/data/img/{id}.img (GObjectData.init / PC loader main.b.a.e.a.d)
8801,VERIFIED,1,1,8802;8801,res/data/img/8802.img;res/data/img/8801.img,,catalog_previews/obj_8801_img_8802.png,obj header image-slot shorts → res/data/img/{id}.img (GObjectData.init / PC loader main.b.a.e.a.d)
8802,VERIFIED,1,1,8803;8801,res/data/img/8803.img;res/data/img/8801.img,,catalog_previews/obj_8802_img_8803.png,obj header image-slot shorts → res/data/img/{id}.img (GObjectData.init / PC loader main.b.a.e.a.d)
8803,VERIFIED,1,1,8804;8801,res/data/img/8804.img;res/data/img/8801.img,,catalog_previews/obj_8803_img_8804.png,obj header image-slot shorts → res/data/img/{id}.img (GObjectData.init / PC loader main.b.a.e.a.d)
8804,VERIFIED,1,1,8805;8801,res/data/img/8805.img;res/data/img/8801.img,,catalog_previews/obj_8804_img_8805.png,obj header image-slot shorts → res/data/img/{id}.img (GObjectData.init / PC loader main.b.a.e.a.d)
8805,VERIFIED,1,1,8806;8801,res/data/img/8806.img;res/data/img/8801.img,,catalog_previews/obj_8805_img_8806.png,obj header image-slot shorts → res/data/img/{id}.img (GObjectData.init / PC loader main.b.a.e.a.d)
8806,VERIFIED,1,1,8807;8801,res/data/img/8807.img;res/data/img/8801.img,,catalog_previews/obj_8806_img_8807.png,obj header image-slot shorts → res/data/img/{id}.img (GObjectData.init / PC loader main.b.a.e.a.d)
8807,VERIFIED,1,1,8808;8801,res/data/img/8808.img;res/data/img/8801.img,,catalog_previews/obj_8807_img_8808.png,obj header image-slot shorts → res/data/img/{id}.img (GObjectData.init / PC loader main.b.a.e.a.d)
8808,VERIFIED,1,1,8809;8801,res/data/img/8809.img;res/data/img/8801.img,,catalog_previews/obj_8808_img_8809.png,obj header image-slot shorts → res/data/img/{id}.img (GObjectData.init / PC loader main.b.a.e.a.d)
8809,VERIFIED,1,1,8810;8801,res/data/img/8810.img;res/data/img/8801.img,,catalog_previews/obj_8809_img_8810.png,obj header image-slot shorts → res/data/img/{id}.img (GObjectData.init / PC loader main.b.a.e.a.d)
8810,VERIFIED,1,1,8811;8801,res/data/img/8811.img;res/data/img/8801.img,,catalog_previews/obj_8810_img_8811.png,obj header image-slot shorts → res/data/img/{id}.img (GObjectData.init / PC loader main.b.a.e.a.d)
8811,VERIFIED,1,1,8812;8801,res/data/img/8812.img;res/data/img/8801.img,,catalog_previews/obj_8811_img_8812.png,obj header image-slot shorts → res/data/img/{id}.img (GObjectData.init / PC loader main.b.a.e.a.d)
8812,VERIFIED,1,1,8813;8801,res/data/img/8813.img;res/data/img/8801.img,,catalog_previews/obj_8812_img_8813.png,obj header image-slot shorts → res/data/img/{id}.img (GObjectData.init / PC loader main.b.a.e.a.d)
8813,VERIFIED,1,1,8814;8801,res/data/img/8814.img;res/data/img/8801.img,,catalog_previews/obj_8813_img_8814.png,obj header image-slot shorts → res/data/img/{id}.img (GObjectData.init / PC loader main.b.a.e.a.d)
8814,VERIFIED,1,1,8815;8801,res/data/img/8815.img;res/data/img/8801.img,,catalog_previews/obj_8814_img_8815.png,obj header image-slot shorts → res/data/img/{id}.img (GObjectData.init / PC loader main.b.a.e.a.d)
8815,VERIFIED,1,1,8816;8801,res/data/img/8816.img;res/data/img/8801.img,,catalog_previews/obj_8815_img_8816.png,obj header image-slot shorts → res/data/img/{id}.img (GObjectData.init / PC loader main.b.a.e.a.d)
8816,VERIFIED,1,1,8819;8801,res/data/img/8819.img;res/data/img/8801.img,,catalog_previews/obj_8816_img_8819.png,obj header image-slot shorts → res/data/img/{id}.img (GObjectData.init / PC loader main.b.a.e.a.d)
8817,VERIFIED,1,1,8820;8801,res/data/img/8820.img;res/data/img/8801.img,,catalog_previews/obj_8817_img_8820.png,obj header image-slot shorts → res/data/img/{id}.img (GObjectData.init / PC loader main.b.a.e.a.d)
8818,VERIFIED,1,1,8817;8801,res/data/img/8817.img;res/data/img/8801.img,,catalog_previews/obj_8818_img_8817.png,obj header image-slot shorts → res/data/img/{id}.img (GObjectData.init / PC loader main.b.a.e.a.d)
8819,VERIFIED,1,1,8818;8801,res/data/img/8818.img;res/data/img/8801.img,,catalog_previews/obj_8819_img_8818.png,obj header image-slot shorts → res/data/img/{id}.img (GObjectData.init / PC loader main.b.a.e.a.d)
8820,VERIFIED,1,1,8821;8801,res/data/img/8821.img;res/data/img/8801.img,,catalog_previews/obj_8820_img_8821.png,obj header image-slot shorts → res/data/img/{id}.img (GObjectData.init / PC loader main.b.a.e.a.d)
8821,VERIFIED,1,1,8822;8801,res/data/img/8822.img;res/data/img/8801.img,,catalog_previews/obj_8821_img_8822.png,obj header image-slot shorts → res/data/img/{id}.img (GObjectData.init / PC loader main.b.a.e.a.d)
8822,VERIFIED,1,1,8823;8801,res/data/img/8823.img;res/data/img/8801.img,,catalog_previews/obj_8822_img_8823.png,obj header image-slot shorts → res/data/img/{id}.img (GObjectData.init / PC loader main.b.a.e.a.d)
8823,VERIFIED,1,1,8824;8801,res/data/img/8824.img;res/data/img/8801.img,,catalog_previews/obj_8823_img_8824.png,obj header image-slot shorts → res/data/img/{id}.img (GObjectData.init / PC loader main.b.a.e.a.d)
8824,VERIFIED,1,1,8825;8801,res/data/img/8825.img;res/data/img/8801.img,,catalog_previews/obj_8824_img_8825.png,obj header image-slot shorts → res/data/img/{id}.img (GObjectData.init / PC loader main.b.a.e.a.d)
8825,VERIFIED,1,1,8826;8801,res/data/img/8826.img;res/data/img/8801.img,,catalog_previews/obj_8825_img_8826.png,obj header image-slot shorts → res/data/img/{id}.img (GObjectData.init / PC loader main.b.a.e.a.d)
8826,VERIFIED,1,1,8827;8801,res/data/img/8827.img;res/data/img/8801.img,,catalog_previews/obj_8826_img_8827.png,obj header image-slot shorts → res/data/img/{id}.img (GObjectData.init / PC loader main.b.a.e.a.d)
8827,VERIFIED,1,1,8828;8801,res/data/img/8828.img;res/data/img/8801.img,,catalog_previews/obj_8827_img_8828.png,obj header image-slot shorts → res/data/img/{id}.img (GObjectData.init / PC loader main.b.a.e.a.d)
8828,VERIFIED,1,1,8829;8801,res/data/img/8829.img;res/data/img/8801.img,,catalog_previews/obj_8828_img_8829.png,obj header image-slot shorts → res/data/img/{id}.img (GObjectData.init / PC loader main.b.a.e.a.d)
8829,VERIFIED,1,1,8830;8801,res/data/img/8830.img;res/data/img/8801.img,,catalog_previews/obj_8829_img_8830.png,obj header image-slot shorts → res/data/img/{id}.img (GObjectData.init / PC loader main.b.a.e.a.d)
8830,VERIFIED,1,1,8831;8801,res/data/img/8831.img;res/data/img/8801.img,,catalog_previews/obj_8830_img_8831.png,obj header image-slot shorts → res/data/img/{id}.img (GObjectData.init / PC loader main.b.a.e.a.d)
8831,VERIFIED,1,1,8832;8801,res/data/img/8832.img;res/data/img/8801.img,,catalog_previews/obj_8831_img_8832.png,obj header image-slot shorts → res/data/img/{id}.img (GObjectData.init / PC loader main.b.a.e.a.d)
8832,VERIFIED,1,1,8801;8833,res/data/img/8801.img;res/data/img/8833.img,,catalog_previews/obj_8832_img_8801.png,obj header image-slot shorts → res/data/img/{id}.img (GObjectData.init / PC loader main.b.a.e.a.d)
8833,VERIFIED,1,1,8801;8834,res/data/img/8801.img;res/data/img/8834.img,,catalog_previews/obj_8833_img_8801.png,obj header image-slot shorts → res/data/img/{id}.img (GObjectData.init / PC loader main.b.a.e.a.d)
8834,VERIFIED,1,1,8801;8835,res/data/img/8801.img;res/data/img/8835.img,,catalog_previews/obj_8834_img_8801.png,obj header image-slot shorts → res/data/img/{id}.img (GObjectData.init / PC loader main.b.a.e.a.d)
8835,VERIFIED,1,1,8801;8836,res/data/img/8801.img;res/data/img/8836.img,,catalog_previews/obj_8835_img_8801.png,obj header image-slot shorts → res/data/img/{id}.img (GObjectData.init / PC loader main.b.a.e.a.d)
8836,VERIFIED,1,1,8801;8837,res/data/img/8801.img;res/data/img/8837.img,,catalog_previews/obj_8836_img_8801.png,obj header image-slot shorts → res/data/img/{id}.img (GObjectData.init / PC loader main.b.a.e.a.d)
8837,VERIFIED,1,1,8801;8838,res/data/img/8801.img;res/data/img/8838.img,,catalog_previews/obj_8837_img_8801.png,obj header image-slot shorts → res/data/img/{id}.img (GObjectData.init / PC loader main.b.a.e.a.d)
8838,VERIFIED,1,1,8801;8839,res/data/img/8801.img;res/data/img/8839.img,,catalog_previews/obj_8838_img_8801.png,obj header image-slot shorts → res/data/img/{id}.img (GObjectData.init / PC loader main.b.a.e.a.d)
8839,VERIFIED,1,1,8801;8840,res/data/img/8801.img;res/data/img/8840.img,,catalog_previews/obj_8839_img_8801.png,obj header image-slot shorts → res/data/img/{id}.img (GObjectData.init / PC loader main.b.a.e.a.d)
9000,VERIFIED,1,2,9003,res/data/img/9003.img,,catalog_previews/obj_9000_img_9003.png,obj header image-slot shorts → res/data/img/{id}.img (GObjectData.init / PC loader main.b.a.e.a.d)
9001,VERIFIED,1,2,9007,res/data/img/9007.img,,catalog_previews/obj_9001_img_9007.png,obj header image-slot shorts → res/data/img/{id}.img (GObjectData.init / PC loader main.b.a.e.a.d)
9002,VERIFIED,1,2,9008,res/data/img/9008.img,,catalog_previews/obj_9002_img_9008.png,obj header image-slot shorts → res/data/img/{id}.img (GObjectData.init / PC loader main.b.a.e.a.d)
9003,VERIFIED,1,2,9009,res/data/img/9009.img,,catalog_previews/obj_9003_img_9009.png,obj header image-slot shorts → res/data/img/{id}.img (GObjectData.init / PC loader main.b.a.e.a.d)
10011,VERIFIED,0,0,10011,res/data/img/10011.img,,catalog_previews/obj_10011_img_10011.png,obj header image-slot shorts → res/data/img/{id}.img (GObjectData.init / PC loader main.b.a.e.a.d)
10012,VERIFIED,0,0,10011,res/data/img/10011.img,,catalog_previews/obj_10012_img_10011.png,obj header image-slot shorts → res/data/img/{id}.img (GObjectData.init / PC loader main.b.a.e.a.d)
10013,VERIFIED,0,0,10011,res/data/img/10011.img,,catalog_previews/obj_10013_img_10011.png,obj header image-slot shorts → res/data/img/{id}.img (GObjectData.init / PC loader main.b.a.e.a.d)
10014,VERIFIED,0,0,10012,res/data/img/10012.img,,catalog_previews/obj_10014_img_10012.png,obj header image-slot shorts → res/data/img/{id}.img (GObjectData.init / PC loader main.b.a.e.a.d)
10018,VERIFIED,0,0,10012,res/data/img/10012.img,,catalog_previews/obj_10018_img_10012.png,obj header image-slot shorts → res/data/img/{id}.img (GObjectData.init / PC loader main.b.a.e.a.d)
11032,VERIFIED,0,0,11032,res/data/img/11032.img,,catalog_previews/obj_11032_img_11032.png,obj header image-slot shorts → res/data/img/{id}.img (GObjectData.init / PC loader main.b.a.e.a.d)
11038,VERIFIED,0,0,11036,res/data/img/11036.img,,catalog_previews/obj_11038_img_11036.png,obj header image-slot shorts → res/data/img/{id}.img (GObjectData.init / PC loader main.b.a.e.a.d)
12012,VERIFIED,0,0,12009,res/data/img/12009.img,,catalog_previews/obj_12012_img_12009.png,obj header image-slot shorts → res/data/img/{id}.img (GObjectData.init / PC loader main.b.a.e.a.d)
12013,VERIFIED,0,0,12014,res/data/img/12014.img,,catalog_previews/obj_12013_img_12014.png,obj header image-slot shorts → res/data/img/{id}.img (GObjectData.init / PC loader main.b.a.e.a.d)
14011,VERIFIED,0,0,14011,res/data/img/14011.img,,catalog_previews/obj_14011_img_14011.png,obj header image-slot shorts → res/data/img/{id}.img (GObjectData.init / PC loader main.b.a.e.a.d)
14012,VERIFIED,0,0,14011,res/data/img/14011.img,,catalog_previews/obj_14012_img_14011.png,obj header image-slot shorts → res/data/img/{id}.img (GObjectData.init / PC loader main.b.a.e.a.d)
14013,VERIFIED,0,0,14012,res/data/img/14012.img,,catalog_previews/obj_14013_img_14012.png,obj header image-slot shorts → res/data/img/{id}.img (GObjectData.init / PC loader main.b.a.e.a.d)
14014,VERIFIED,0,0,14012,res/data/img/14012.img,,catalog_previews/obj_14014_img_14012.png,obj header image-slot shorts → res/data/img/{id}.img (GObjectData.init / PC loader main.b.a.e.a.d)
14015,VERIFIED,0,0,14012,res/data/img/14012.img,,catalog_previews/obj_14015_img_14012.png,obj header image-slot shorts → res/data/img/{id}.img (GObjectData.init / PC loader main.b.a.e.a.d)
14016,VERIFIED,0,0,14013,res/data/img/14013.img,,catalog_previews/obj_14016_img_14013.png,obj header image-slot shorts → res/data/img/{id}.img (GObjectData.init / PC loader main.b.a.e.a.d)
14017,VERIFIED,0,0,14014,res/data/img/14014.img,,catalog_previews/obj_14017_img_14014.png,obj header image-slot shorts → res/data/img/{id}.img (GObjectData.init / PC loader main.b.a.e.a.d)
14021,VERIFIED,0,0,10011,res/data/img/10011.img,,catalog_previews/obj_14021_img_10011.png,obj header image-slot shorts → res/data/img/{id}.img (GObjectData.init / PC loader main.b.a.e.a.d)
14022,VERIFIED,0,0,10011,res/data/img/10011.img,,catalog_previews/obj_14022_img_10011.png,obj header image-slot shorts → res/data/img/{id}.img (GObjectData.init / PC loader main.b.a.e.a.d)
14023,VERIFIED,0,0,10011,res/data/img/10011.img,,catalog_previews/obj_14023_img_10011.png,obj header image-slot shorts → res/data/img/{id}.img (GObjectData.init / PC loader main.b.a.e.a.d)
14024,VERIFIED,0,0,10011,res/data/img/10011.img,,catalog_previews/obj_14024_img_10011.png,obj header image-slot shorts → res/data/img/{id}.img (GObjectData.init / PC loader main.b.a.e.a.d)
14025,VERIFIED,0,0,14012,res/data/img/14012.img,,catalog_previews/obj_14025_img_14012.png,obj header image-slot shorts → res/data/img/{id}.img (GObjectData.init / PC loader main.b.a.e.a.d)
14026,VERIFIED,0,0,14012,res/data/img/14012.img,,catalog_previews/obj_14026_img_14012.png,obj header image-slot shorts → res/data/img/{id}.img (GObjectData.init / PC loader main.b.a.e.a.d)
14027,VERIFIED,0,0,14012,res/data/img/14012.img,,catalog_previews/obj_14027_img_14012.png,obj header image-slot shorts → res/data/img/{id}.img (GObjectData.init / PC loader main.b.a.e.a.d)
14028,VERIFIED,0,0,14012,res/data/img/14012.img,,catalog_previews/obj_14028_img_14012.png,obj header image-slot shorts → res/data/img/{id}.img (GObjectData.init / PC loader main.b.a.e.a.d)
14029,VERIFIED,0,0,14012,res/data/img/14012.img,,catalog_previews/obj_14029_img_14012.png,obj header image-slot shorts → res/data/img/{id}.img (GObjectData.init / PC loader main.b.a.e.a.d)
14030,VERIFIED,0,0,14012,res/data/img/14012.img,,catalog_previews/obj_14030_img_14012.png,obj header image-slot shorts → res/data/img/{id}.img (GObjectData.init / PC loader main.b.a.e.a.d)
14031,VERIFIED,0,0,14012,res/data/img/14012.img,,catalog_previews/obj_14031_img_14012.png,obj header image-slot shorts → res/data/img/{id}.img (GObjectData.init / PC loader main.b.a.e.a.d)
14032,VERIFIED,0,0,14012,res/data/img/14012.img,,catalog_previews/obj_14032_img_14012.png,obj header image-slot shorts → res/data/img/{id}.img (GObjectData.init / PC loader main.b.a.e.a.d)
14033,VERIFIED,0,0,14012,res/data/img/14012.img,,catalog_previews/obj_14033_img_14012.png,obj header image-slot shorts → res/data/img/{id}.img (GObjectData.init / PC loader main.b.a.e.a.d)
14034,VERIFIED,0,0,14011,res/data/img/14011.img,,catalog_previews/obj_14034_img_14011.png,obj header image-slot shorts → res/data/img/{id}.img (GObjectData.init / PC loader main.b.a.e.a.d)
14035,VERIFIED,0,0,14011,res/data/img/14011.img,,catalog_previews/obj_14035_img_14011.png,obj header image-slot shorts → res/data/img/{id}.img (GObjectData.init / PC loader main.b.a.e.a.d)
14036,VERIFIED,0,0,14011,res/data/img/14011.img,,catalog_previews/obj_14036_img_14011.png,obj header image-slot shorts → res/data/img/{id}.img (GObjectData.init / PC loader main.b.a.e.a.d)
14037,VERIFIED,0,0,14011,res/data/img/14011.img,,catalog_previews/obj_14037_img_14011.png,obj header image-slot shorts → res/data/img/{id}.img (GObjectData.init / PC loader main.b.a.e.a.d)
14038,VERIFIED,0,0,14011,res/data/img/14011.img,,catalog_previews/obj_14038_img_14011.png,obj header image-slot shorts → res/data/img/{id}.img (GObjectData.init / PC loader main.b.a.e.a.d)
14039,VERIFIED,0,0,14011,res/data/img/14011.img,,catalog_previews/obj_14039_img_14011.png,obj header image-slot shorts → res/data/img/{id}.img (GObjectData.init / PC loader main.b.a.e.a.d)
14040,VERIFIED,0,0,10011,res/data/img/10011.img,,catalog_previews/obj_14040_img_10011.png,obj header image-slot shorts → res/data/img/{id}.img (GObjectData.init / PC loader main.b.a.e.a.d)
15011,VERIFIED,0,0,15011,res/data/img/15011.img,,catalog_previews/obj_15011_img_15011.png,obj header image-slot shorts → res/data/img/{id}.img (GObjectData.init / PC loader main.b.a.e.a.d)
15012,VERIFIED,0,0,16004,res/data/img/16004.img,,catalog_previews/obj_15012_img_16004.png,obj header image-slot shorts → res/data/img/{id}.img (GObjectData.init / PC loader main.b.a.e.a.d)
15013,VERIFIED,0,0,,,,,obj header image-slot shorts → res/data/img/{id}.img (GObjectData.init / PC loader main.b.a.e.a.d)
15014,VERIFIED,0,0,16004,res/data/img/16004.img,,catalog_previews/obj_15014_img_16004.png,obj header image-slot shorts → res/data/img/{id}.img (GObjectData.init / PC loader main.b.a.e.a.d)
15015,VERIFIED,0,0,16005,res/data/img/16005.img,,catalog_previews/obj_15015_img_16005.png,obj header image-slot shorts → res/data/img/{id}.img (GObjectData.init / PC loader main.b.a.e.a.d)
15016,VERIFIED,0,0,16005,res/data/img/16005.img,,catalog_previews/obj_15016_img_16005.png,obj header image-slot shorts → res/data/img/{id}.img (GObjectData.init / PC loader main.b.a.e.a.d)
15017,VERIFIED,0,0,16006,res/data/img/16006.img,,catalog_previews/obj_15017_img_16006.png,obj header image-slot shorts → res/data/img/{id}.img (GObjectData.init / PC loader main.b.a.e.a.d)
15018,VERIFIED,0,0,16006,res/data/img/16006.img,,catalog_previews/obj_15018_img_16006.png,obj header image-slot shorts → res/data/img/{id}.img (GObjectData.init / PC loader main.b.a.e.a.d)
15019,VERIFIED,0,0,16006,res/data/img/16006.img,,catalog_previews/obj_15019_img_16006.png,obj header image-slot shorts → res/data/img/{id}.img (GObjectData.init / PC loader main.b.a.e.a.d)
15022,VERIFIED,0,0,16007,res/data/img/16007.img,,catalog_previews/obj_15022_img_16007.png,obj header image-slot shorts → res/data/img/{id}.img (GObjectData.init / PC loader main.b.a.e.a.d)
15023,VERIFIED,0,0,16008,res/data/img/16008.img,,catalog_previews/obj_15023_img_16008.png,obj header image-slot shorts → res/data/img/{id}.img (GObjectData.init / PC loader main.b.a.e.a.d)
15024,VERIFIED,0,0,16008,res/data/img/16008.img,,catalog_previews/obj_15024_img_16008.png,obj header image-slot shorts → res/data/img/{id}.img (GObjectData.init / PC loader main.b.a.e.a.d)
15025,VERIFIED,0,0,16010,res/data/img/16010.img,,catalog_previews/obj_15025_img_16010.png,obj header image-slot shorts → res/data/img/{id}.img (GObjectData.init / PC loader main.b.a.e.a.d)
15026,VERIFIED,0,0,16011,res/data/img/16011.img,,catalog_previews/obj_15026_img_16011.png,obj header image-slot shorts → res/data/img/{id}.img (GObjectData.init / PC loader main.b.a.e.a.d)
15027,VERIFIED,0,0,16013,res/data/img/16013.img,,catalog_previews/obj_15027_img_16013.png,obj header image-slot shorts → res/data/img/{id}.img (GObjectData.init / PC loader main.b.a.e.a.d)
15028,VERIFIED,0,0,16013,res/data/img/16013.img,,catalog_previews/obj_15028_img_16013.png,obj header image-slot shorts → res/data/img/{id}.img (GObjectData.init / PC loader main.b.a.e.a.d)
15029,VERIFIED,0,0,16013,res/data/img/16013.img,,catalog_previews/obj_15029_img_16013.png,obj header image-slot shorts → res/data/img/{id}.img (GObjectData.init / PC loader main.b.a.e.a.d)
15030,VERIFIED,0,0,16013,res/data/img/16013.img,,catalog_previews/obj_15030_img_16013.png,obj header image-slot shorts → res/data/img/{id}.img (GObjectData.init / PC loader main.b.a.e.a.d)
15031,VERIFIED,0,0,16013,res/data/img/16013.img,,catalog_previews/obj_15031_img_16013.png,obj header image-slot shorts → res/data/img/{id}.img (GObjectData.init / PC loader main.b.a.e.a.d)
15032,VERIFIED,0,0,16013,res/data/img/16013.img,,catalog_previews/obj_15032_img_16013.png,obj header image-slot shorts → res/data/img/{id}.img (GObjectData.init / PC loader main.b.a.e.a.d)
15033,VERIFIED,0,0,16013,res/data/img/16013.img,,catalog_previews/obj_15033_img_16013.png,obj header image-slot shorts → res/data/img/{id}.img (GObjectData.init / PC loader main.b.a.e.a.d)
15034,VERIFIED,0,0,16013,res/data/img/16013.img,,catalog_previews/obj_15034_img_16013.png,obj header image-slot shorts → res/data/img/{id}.img (GObjectData.init / PC loader main.b.a.e.a.d)
15035,VERIFIED,0,0,16013,res/data/img/16013.img,,catalog_previews/obj_15035_img_16013.png,obj header image-slot shorts → res/data/img/{id}.img (GObjectData.init / PC loader main.b.a.e.a.d)
15036,VERIFIED,0,0,16013,res/data/img/16013.img,,catalog_previews/obj_15036_img_16013.png,obj header image-slot shorts → res/data/img/{id}.img (GObjectData.init / PC loader main.b.a.e.a.d)
15037,VERIFIED,0,0,16013;16013,res/data/img/16013.img;res/data/img/16013.img,,catalog_previews/obj_15037_img_16013.png,obj header image-slot shorts → res/data/img/{id}.img (GObjectData.init / PC loader main.b.a.e.a.d)
15042,VERIFIED,0,0,16013;16013,res/data/img/16013.img;res/data/img/16013.img,,catalog_previews/obj_15042_img_16013.png,obj header image-slot shorts → res/data/img/{id}.img (GObjectData.init / PC loader main.b.a.e.a.d)
15046,VERIFIED,0,0,16013,res/data/img/16013.img,,catalog_previews/obj_15046_img_16013.png,obj header image-slot shorts → res/data/img/{id}.img (GObjectData.init / PC loader main.b.a.e.a.d)
15047,VERIFIED,0,0,16013,res/data/img/16013.img,,catalog_previews/obj_15047_img_16013.png,obj header image-slot shorts → res/data/img/{id}.img (GObjectData.init / PC loader main.b.a.e.a.d)
15048,VERIFIED,0,0,16013;16013,res/data/img/16013.img;res/data/img/16013.img,,catalog_previews/obj_15048_img_16013.png,obj header image-slot shorts → res/data/img/{id}.img (GObjectData.init / PC loader main.b.a.e.a.d)
15049,VERIFIED,0,0,16013;16013,res/data/img/16013.img;res/data/img/16013.img,,catalog_previews/obj_15049_img_16013.png,obj header image-slot shorts → res/data/img/{id}.img (GObjectData.init / PC loader main.b.a.e.a.d)
15050,VERIFIED,0,0,16013;16013,res/data/img/16013.img;res/data/img/16013.img,,catalog_previews/obj_15050_img_16013.png,obj header image-slot shorts → res/data/img/{id}.img (GObjectData.init / PC loader main.b.a.e.a.d)
15051,VERIFIED,0,0,16017,res/data/img/16017.img,,catalog_previews/obj_15051_img_16017.png,obj header image-slot shorts → res/data/img/{id}.img (GObjectData.init / PC loader main.b.a.e.a.d)
15052,VERIFIED,0,0,16018,res/data/img/16018.img,,catalog_previews/obj_15052_img_16018.png,obj header image-slot shorts → res/data/img/{id}.img (GObjectData.init / PC loader main.b.a.e.a.d)
15053,VERIFIED,0,0,16019,res/data/img/16019.img,,catalog_previews/obj_15053_img_16019.png,obj header image-slot shorts → res/data/img/{id}.img (GObjectData.init / PC loader main.b.a.e.a.d)
15054,VERIFIED,0,0,16020,res/data/img/16020.img,,catalog_previews/obj_15054_img_16020.png,obj header image-slot shorts → res/data/img/{id}.img (GObjectData.init / PC loader main.b.a.e.a.d)
15055,VERIFIED,0,0,16013,res/data/img/16013.img,,catalog_previews/obj_15055_img_16013.png,obj header image-slot shorts → res/data/img/{id}.img (GObjectData.init / PC loader main.b.a.e.a.d)
15056,VERIFIED,0,0,16013,res/data/img/16013.img,,catalog_previews/obj_15056_img_16013.png,obj header image-slot shorts → res/data/img/{id}.img (GObjectData.init / PC loader main.b.a.e.a.d)
15057,VERIFIED,0,0,16013,res/data/img/16013.img,,catalog_previews/obj_15057_img_16013.png,obj header image-slot shorts → res/data/img/{id}.img (GObjectData.init / PC loader main.b.a.e.a.d)
15058,VERIFIED,1,1,16022,res/data/img/16022.img,,catalog_previews/obj_15058_img_16022.png,obj header image-slot shorts → res/data/img/{id}.img (GObjectData.init / PC loader main.b.a.e.a.d)
15059,VERIFIED,1,1,16022,res/data/img/16022.img,,catalog_previews/obj_15059_img_16022.png,obj header image-slot shorts → res/data/img/{id}.img (GObjectData.init / PC loader main.b.a.e.a.d)
15060,VERIFIED,1,1,16023,res/data/img/16023.img,,catalog_previews/obj_15060_img_16023.png,obj header image-slot shorts → res/data/img/{id}.img (GObjectData.init / PC loader main.b.a.e.a.d)
15061,VERIFIED,0,0,16024,res/data/img/16024.img,,catalog_previews/obj_15061_img_16024.png,obj header image-slot shorts → res/data/img/{id}.img (GObjectData.init / PC loader main.b.a.e.a.d)
15062,VERIFIED,0,0,16026,res/data/img/16026.img,,catalog_previews/obj_15062_img_16026.png,obj header image-slot shorts → res/data/img/{id}.img (GObjectData.init / PC loader main.b.a.e.a.d)
15063,VERIFIED,0,0,16026,res/data/img/16026.img,,catalog_previews/obj_15063_img_16026.png,obj header image-slot shorts → res/data/img/{id}.img (GObjectData.init / PC loader main.b.a.e.a.d)
15064,VERIFIED,0,0,16026,res/data/img/16026.img,,catalog_previews/obj_15064_img_16026.png,obj header image-slot shorts → res/data/img/{id}.img (GObjectData.init / PC loader main.b.a.e.a.d)
15065,VERIFIED,0,0,16026,res/data/img/16026.img,,catalog_previews/obj_15065_img_16026.png,obj header image-slot shorts → res/data/img/{id}.img (GObjectData.init / PC loader main.b.a.e.a.d)
15066,VERIFIED,0,0,16026,res/data/img/16026.img,,catalog_previews/obj_15066_img_16026.png,obj header image-slot shorts → res/data/img/{id}.img (GObjectData.init / PC loader main.b.a.e.a.d)
15068,VERIFIED,0,0,16026,res/data/img/16026.img,,catalog_previews/obj_15068_img_16026.png,obj header image-slot shorts → res/data/img/{id}.img (GObjectData.init / PC loader main.b.a.e.a.d)
15069,VERIFIED,0,0,16026,res/data/img/16026.img,,catalog_previews/obj_15069_img_16026.png,obj header image-slot shorts → res/data/img/{id}.img (GObjectData.init / PC loader main.b.a.e.a.d)
15072,VERIFIED,0,0,16026,res/data/img/16026.img,,catalog_previews/obj_15072_img_16026.png,obj header image-slot shorts → res/data/img/{id}.img (GObjectData.init / PC loader main.b.a.e.a.d)
15073,VERIFIED,0,0,16028,res/data/img/16028.img,,catalog_previews/obj_15073_img_16028.png,obj header image-slot shorts → res/data/img/{id}.img (GObjectData.init / PC loader main.b.a.e.a.d)
15074,VERIFIED,0,0,16028,res/data/img/16028.img,,catalog_previews/obj_15074_img_16028.png,obj header image-slot shorts → res/data/img/{id}.img (GObjectData.init / PC loader main.b.a.e.a.d)
15075,VERIFIED,0,0,16028,res/data/img/16028.img,,catalog_previews/obj_15075_img_16028.png,obj header image-slot shorts → res/data/img/{id}.img (GObjectData.init / PC loader main.b.a.e.a.d)
15076,VERIFIED,0,0,16028,res/data/img/16028.img,,catalog_previews/obj_15076_img_16028.png,obj header image-slot shorts → res/data/img/{id}.img (GObjectData.init / PC loader main.b.a.e.a.d)
15077,VERIFIED,0,0,16030,res/data/img/16030.img,,catalog_previews/obj_15077_img_16030.png,obj header image-slot shorts → res/data/img/{id}.img (GObjectData.init / PC loader main.b.a.e.a.d)
15078,VERIFIED,0,0,16004,res/data/img/16004.img,,catalog_previews/obj_15078_img_16004.png,obj header image-slot shorts → res/data/img/{id}.img (GObjectData.init / PC loader main.b.a.e.a.d)
15079,VERIFIED,0,0,16004,res/data/img/16004.img,,catalog_previews/obj_15079_img_16004.png,obj header image-slot shorts → res/data/img/{id}.img (GObjectData.init / PC loader main.b.a.e.a.d)
15100,VERIFIED,1,2,20002,res/data/img/20002.img,,catalog_previews/obj_15100_img_20002.png,obj header image-slot shorts → res/data/img/{id}.img (GObjectData.init / PC loader main.b.a.e.a.d)
15101,VERIFIED,1,1,20004;20005;20006,res/data/img/20004.img;res/data/img/20005.img;res/data/img/20006.img,,catalog_previews/obj_15101_img_20004.png,obj header image-slot shorts → res/data/img/{id}.img (GObjectData.init / PC loader main.b.a.e.a.d)
15102,VERIFIED,0,0,16033,res/data/img/16033.img,,catalog_previews/obj_15102_img_16033.png,obj header image-slot shorts → res/data/img/{id}.img (GObjectData.init / PC loader main.b.a.e.a.d)
15103,VERIFIED,0,0,16033,res/data/img/16033.img,,catalog_previews/obj_15103_img_16033.png,obj header image-slot shorts → res/data/img/{id}.img (GObjectData.init / PC loader main.b.a.e.a.d)
15104,VERIFIED,0,0,16033,res/data/img/16033.img,,catalog_previews/obj_15104_img_16033.png,obj header image-slot shorts → res/data/img/{id}.img (GObjectData.init / PC loader main.b.a.e.a.d)
15105,VERIFIED,0,0,16033,res/data/img/16033.img,,catalog_previews/obj_15105_img_16033.png,obj header image-slot shorts → res/data/img/{id}.img (GObjectData.init / PC loader main.b.a.e.a.d)
15106,VERIFIED,0,0,16034,res/data/img/16034.img,,catalog_previews/obj_15106_img_16034.png,obj header image-slot shorts → res/data/img/{id}.img (GObjectData.init / PC loader main.b.a.e.a.d)
15107,VERIFIED,0,0,16035,res/data/img/16035.img,,catalog_previews/obj_15107_img_16035.png,obj header image-slot shorts → res/data/img/{id}.img (GObjectData.init / PC loader main.b.a.e.a.d)
15108,VERIFIED,0,0,16036,res/data/img/16036.img,,catalog_previews/obj_15108_img_16036.png,obj header image-slot shorts → res/data/img/{id}.img (GObjectData.init / PC loader main.b.a.e.a.d)
15109,VERIFIED,0,0,16037,res/data/img/16037.img,,catalog_previews/obj_15109_img_16037.png,obj header image-slot shorts → res/data/img/{id}.img (GObjectData.init / PC loader main.b.a.e.a.d)
30508,VERIFIED,1,1,,,,,obj header image-slot shorts → res/data/img/{id}.img (GObjectData.init / PC loader main.b.a.e.a.d)
30509,VERIFIED,1,1,,,,,obj header image-slot shorts → res/data/img/{id}.img (GObjectData.init / PC loader main.b.a.e.a.d)
30510,VERIFIED,1,1,,,,,obj header image-slot shorts → res/data/img/{id}.img (GObjectData.init / PC loader main.b.a.e.a.d)
30511,VERIFIED,1,1,,,,,obj header image-slot shorts → res/data/img/{id}.img (GObjectData.init / PC loader main.b.a.e.a.d)
30512,VERIFIED,1,1,,,,,obj header image-slot shorts → res/data/img/{id}.img (GObjectData.init / PC loader main.b.a.e.a.d)
30513,VERIFIED,1,1,,,,,obj header image-slot shorts → res/data/img/{id}.img (GObjectData.init / PC loader main.b.a.e.a.d)
30515,VERIFIED,1,1,,,,,obj header image-slot shorts → res/data/img/{id}.img (GObjectData.init / PC loader main.b.a.e.a.d)
30516,VERIFIED,1,1,31019,res/data/img/31019.img,,catalog_previews/obj_30516_img_31019.png,obj header image-slot shorts → res/data/img/{id}.img (GObjectData.init / PC loader main.b.a.e.a.d)
30517,VERIFIED,1,1,,,,,obj header image-slot shorts → res/data/img/{id}.img (GObjectData.init / PC loader main.b.a.e.a.d)
30518,VERIFIED,1,1,,,,,obj header image-slot shorts → res/data/img/{id}.img (GObjectData.init / PC loader main.b.a.e.a.d)
30519,VERIFIED,1,1,,,,,obj header image-slot shorts → res/data/img/{id}.img (GObjectData.init / PC loader main.b.a.e.a.d)
30520,VERIFIED,1,1,,,,,obj header image-slot shorts → res/data/img/{id}.img (GObjectData.init / PC loader main.b.a.e.a.d)
30521,VERIFIED,1,1,,,,,obj header image-slot shorts → res/data/img/{id}.img (GObjectData.init / PC loader main.b.a.e.a.d)
30522,VERIFIED,1,1,,,,,obj header image-slot shorts → res/data/img/{id}.img (GObjectData.init / PC loader main.b.a.e.a.d)
30523,VERIFIED,1,1,,,,,obj header image-slot shorts → res/data/img/{id}.img (GObjectData.init / PC loader main.b.a.e.a.d)
30524,VERIFIED,1,1,,,,,obj header image-slot shorts → res/data/img/{id}.img (GObjectData.init / PC loader main.b.a.e.a.d)
30525,VERIFIED,1,1,,,,,obj header image-slot shorts → res/data/img/{id}.img (GObjectData.init / PC loader main.b.a.e.a.d)
30526,VERIFIED,1,1,,,,,obj header image-slot shorts → res/data/img/{id}.img (GObjectData.init / PC loader main.b.a.e.a.d)
30527,VERIFIED,1,1,,,,,obj header image-slot shorts → res/data/img/{id}.img (GObjectData.init / PC loader main.b.a.e.a.d)
30528,VERIFIED,1,1,,,,,obj header image-slot shorts → res/data/img/{id}.img (GObjectData.init / PC loader main.b.a.e.a.d)
