model_id,name_vn,name_cn,name_e,object_data_id,object_status,image_status,preview,evidence
m510101,Thỏ Hoang,野兔,,,UNKNOWN,UNKNOWN,,zsMonters_language.dat name only; ModelID→obj join not found
m510102,Chim sẻ,麻雀,,,UNKNOWN,UNKNOWN,,zsMonters_language.dat name only; ModelID→obj join not found
m510103,Hồ Ly Lửa,火狐狸,,,UNKNOWN,UNKNOWN,,zsMonters_language.dat name only; ModelID→obj join not found
m510104,Nấm Tinh,蘑菇精,,,UNKNOWN,UNKNOWN,,zsMonters_language.dat name only; ModelID→obj join not found
m510105,Hồng Hồ Ly,红狐狸,,,UNKNOWN,UNKNOWN,,zsMonters_language.dat name only; ModelID→obj join not found
m510106,Thủy Linh,水灵,,,UNKNOWN,UNKNOWN,,zsMonters_language.dat name only; ModelID→obj join not found
m510107,Bùn Thối,烂泥,,,UNKNOWN,UNKNOWN,,zsMonters_language.dat name only; ModelID→obj join not found
m510108,Ma Thủ,魔手,,,UNKNOWN,UNKNOWN,,zsMonters_language.dat name only; ModelID→obj join not found
m510109,Quái Đèn Lồng,灯笼怪,,,UNKNOWN,UNKNOWN,,zsMonters_language.dat name only; ModelID→obj join not found
m510110,Nửa Khô Lâu,半骷髅,,,UNKNOWN,UNKNOWN,,zsMonters_language.dat name only; ModelID→obj join not found
m510111,Phi Đầu Man,飞头蛮,,,UNKNOWN,UNKNOWN,,zsMonters_language.dat name only; ModelID→obj join not found
m510112,Bích Lạc U Hồn,碧落幽魂,,,UNKNOWN,UNKNOWN,,zsMonters_language.dat name only; ModelID→obj join not found
m510113,Quỷ Hỏa,鬼火,,,UNKNOWN,UNKNOWN,,zsMonters_language.dat name only; ModelID→obj join not found
m510114,Hồ Ly,狐狸,,,UNKNOWN,UNKNOWN,,zsMonters_language.dat name only; ModelID→obj join not found
m510115,Dã Sơn Tước,野山雀,,,UNKNOWN,UNKNOWN,,zsMonters_language.dat name only; ModelID→obj join not found
m510116,Người Máy Luyện Ngục,炼狱机器人,,,UNKNOWN,UNKNOWN,,zsMonters_language.dat name only; ModelID→obj join not found
m510117,Đào Mộc Tinh,桃木精,,,UNKNOWN,UNKNOWN,,zsMonters_language.dat name only; ModelID→obj join not found
m510118,Mộc Đức Chân Quân [Tinh],木德真君【精】,,,UNKNOWN,UNKNOWN,,zsMonters_language.dat name only; ModelID→obj join not found
m510119,Tiểu Sơn Tặc,小山贼,,,UNKNOWN,UNKNOWN,,zsMonters_language.dat name only; ModelID→obj join not found
m510120,Vệ Binh [Thủ],卫兵【守】,,,UNKNOWN,UNKNOWN,,zsMonters_language.dat name only; ModelID→obj join not found
m510121,Vệ Binh [Thủ],卫兵【守】,,,UNKNOWN,UNKNOWN,,zsMonters_language.dat name only; ModelID→obj join not found
m510122,Vệ Binh [Thủ],卫兵【守】,,,UNKNOWN,UNKNOWN,,zsMonters_language.dat name only; ModelID→obj join not found
m510123,Vệ Binh [Thủ],卫兵【守】,,,UNKNOWN,UNKNOWN,,zsMonters_language.dat name only; ModelID→obj join not found
m510124,Vệ Binh [Thủ],卫兵【守】,,,UNKNOWN,UNKNOWN,,zsMonters_language.dat name only; ModelID→obj join not found
m510125,Người Máy Da Đồng,铜皮机器人,,,UNKNOWN,UNKNOWN,,zsMonters_language.dat name only; ModelID→obj join not found
m510126,Ngụy Trấn Thiên [Tinh],伪镇天【精】,,,UNKNOWN,UNKNOWN,,zsMonters_language.dat name only; ModelID→obj join not found
m510127,Đông Đầu Tinh Quân [Tinh],东斗星君【精】,,,UNKNOWN,UNKNOWN,,zsMonters_language.dat name only; ModelID→obj join not found
m510128,Sơn Tước Lớn,大山雀,,,UNKNOWN,UNKNOWN,,zsMonters_language.dat name only; ModelID→obj join not found
m510129,Thiết Thụ Tinh,铁树精,,,UNKNOWN,UNKNOWN,,zsMonters_language.dat name only; ModelID→obj join not found
m510130,Nữ Sơn Tặc,女山贼,,,UNKNOWN,UNKNOWN,,zsMonters_language.dat name only; ModelID→obj join not found
m510131,Tiểu Thâu,小偷,,,UNKNOWN,UNKNOWN,,zsMonters_language.dat name only; ModelID→obj join not found
m510132,Sơn Tặc Nhỏ,小山贼,,,UNKNOWN,UNKNOWN,,zsMonters_language.dat name only; ModelID→obj join not found
m510133,Người Máy Đồng Mộc,铜木机器人,,,UNKNOWN,UNKNOWN,,zsMonters_language.dat name only; ModelID→obj join not found
m510134,Người Máy Đào Mộc,桃木机器人,,,UNKNOWN,UNKNOWN,,zsMonters_language.dat name only; ModelID→obj join not found
m510135,Tây Đẩu Tinh Quân [Tinh],西斗星君【精】,,,UNKNOWN,UNKNOWN,,zsMonters_language.dat name only; ModelID→obj join not found
m510136,Thân Kiến [Tinh],申建【精】,,,UNKNOWN,UNKNOWN,,zsMonters_language.dat name only; ModelID→obj join not found
m510137,Tiếc Ác Hổ [Tinh],惜恶虎【精】,,,UNKNOWN,UNKNOWN,,zsMonters_language.dat name only; ModelID→obj join not found
m510138,Thủ Lĩnh Đầu Lâu,骷髅首领,,,UNKNOWN,UNKNOWN,,zsMonters_language.dat name only; ModelID→obj join not found
m510139,Ma Đạo Tử,魔道子,,,UNKNOWN,UNKNOWN,,zsMonters_language.dat name only; ModelID→obj join not found
m510140,Huyết Khô Lâu [Tinh],血骷髅【精】,,,UNKNOWN,UNKNOWN,,zsMonters_language.dat name only; ModelID→obj join not found
m510141,Hồng Nhã Mị,红雅魅,,,UNKNOWN,UNKNOWN,,zsMonters_language.dat name only; ModelID→obj join not found
m510142,Linh Hồn Quỷ Vương,灵魂鬼王,,,UNKNOWN,UNKNOWN,,zsMonters_language.dat name only; ModelID→obj join not found
m510143,Đèn Lồng Lớn,大灯笼,,,UNKNOWN,UNKNOWN,,zsMonters_language.dat name only; ModelID→obj join not found
m510144,Trung Đẩu Tinh Quân [Tinh],中斗星君【精】,,,UNKNOWN,UNKNOWN,,zsMonters_language.dat name only; ModelID→obj join not found
m510145,Đầu Lĩnh Khô Lâu,骷髅头领,,,UNKNOWN,UNKNOWN,,zsMonters_language.dat name only; ModelID→obj join not found
m510146,Băng Khô Lâu [Tinh],冰骷髅【精】,,,UNKNOWN,UNKNOWN,,zsMonters_language.dat name only; ModelID→obj join not found
m510147,Ma Nhã Mị,魔雅魅,,,UNKNOWN,UNKNOWN,,zsMonters_language.dat name only; ModelID→obj join not found
m510148,Quỷ Đăng,鬼灯,,,UNKNOWN,UNKNOWN,,zsMonters_language.dat name only; ModelID→obj join not found
m510149,Nam Đẩu Tinh Quân [Tinh],南斗星君【精】,,,UNKNOWN,UNKNOWN,,zsMonters_language.dat name only; ModelID→obj join not found
m510150,Quỷ Vương Đăng [Tinh],鬼王灯【精】,,,UNKNOWN,UNKNOWN,,zsMonters_language.dat name only; ModelID→obj join not found
m510151,Khô Lâu Thích Khách,骷髅刺客,,,UNKNOWN,UNKNOWN,,zsMonters_language.dat name only; ModelID→obj join not found
m510152,Khô Lâu Vương [Tinh],骷髅王【精】,,,UNKNOWN,UNKNOWN,,zsMonters_language.dat name only; ModelID→obj join not found
m510153,Hỏa Đầu Man,火头蛮,,,UNKNOWN,UNKNOWN,,zsMonters_language.dat name only; ModelID→obj join not found
m510154,Linh Nhãn Mị,灵眼魅,,,UNKNOWN,UNKNOWN,,zsMonters_language.dat name only; ModelID→obj join not found
m510155,Hỏa Đăng Lồng,火灯笼,,,UNKNOWN,UNKNOWN,,zsMonters_language.dat name only; ModelID→obj join not found
m510156,Dương Văn Huy [Tinh],杨文辉【精】,,,UNKNOWN,UNKNOWN,,zsMonters_language.dat name only; ModelID→obj join not found
m510157,Bắc Đẩu Tinh Quân [Tinh],北斗星君【精】,,,UNKNOWN,UNKNOWN,,zsMonters_language.dat name only; ModelID→obj join not found
m510158,Nữ Phi Tặc,女飞贼,,,UNKNOWN,UNKNOWN,,zsMonters_language.dat name only; ModelID→obj join not found
m510159,Thổ Phỉ,土匪,,,UNKNOWN,UNKNOWN,,zsMonters_language.dat name only; ModelID→obj join not found
m510160,Sơn Tặc,山贼,,,UNKNOWN,UNKNOWN,,zsMonters_language.dat name only; ModelID→obj join not found
m510161,Dương Nhậm [Tinh],杨任【精】,,,UNKNOWN,UNKNOWN,,zsMonters_language.dat name only; ModelID→obj join not found
m510162,Người Máy Thủ Đồng,铜手机器人,,,UNKNOWN,UNKNOWN,,zsMonters_language.dat name only; ModelID→obj join not found
m510163,Hỏa Đức Chân Quân [Tinh],火德真君【精】,,,UNKNOWN,UNKNOWN,,zsMonters_language.dat name only; ModelID→obj join not found
m510164,Cô Đăng Hồn,孤灯魂,,,UNKNOWN,UNKNOWN,,zsMonters_language.dat name only; ModelID→obj join not found
m510165,Khô Lâu Đen,黑骷髅,,,UNKNOWN,UNKNOWN,,zsMonters_language.dat name only; ModelID→obj join not found
m510166,Ảnh Mị,影魅,,,UNKNOWN,UNKNOWN,,zsMonters_language.dat name only; ModelID→obj join not found
m510167,Quỷ Ảnh Đăng,鬼影灯,,,UNKNOWN,UNKNOWN,,zsMonters_language.dat name only; ModelID→obj join not found
m510168,Người Máy Đàn Mộc,木琴机器人,,,UNKNOWN,UNKNOWN,,zsMonters_language.dat name only; ModelID→obj join not found
m510169,Đan Chu Điểu,丹朱鸟,,,UNKNOWN,UNKNOWN,,zsMonters_language.dat name only; ModelID→obj join not found
m510170,Dư Triệu [Tinh],余兆【精】,,,UNKNOWN,UNKNOWN,,zsMonters_language.dat name only; ModelID→obj join not found
m510171,Khai Sơn Trương Đãng Trung [Thủ],开山张荡中【守】,,,UNKNOWN,UNKNOWN,,zsMonters_language.dat name only; ModelID→obj join not found
m510172,Khô Lâu Lực Sĩ,骷髅力士,,,UNKNOWN,UNKNOWN,,zsMonters_language.dat name only; ModelID→obj join not found
m510173,Linh Hồ Thảo Nguyên,草原灵狐,,,UNKNOWN,UNKNOWN,,zsMonters_language.dat name only; ModelID→obj join not found
m510174,Thổ Phỉ Hỗn Loạn,混乱土匪,,,UNKNOWN,UNKNOWN,,zsMonters_language.dat name only; ModelID→obj join not found
m510175,Sơn Tặc Hỗn Loạn,混乱山贼,,,UNKNOWN,UNKNOWN,,zsMonters_language.dat name only; ModelID→obj join not found
m510176,Thủ Lĩnh Thổ Phỉ [Tinh],土匪首领【精】,,,UNKNOWN,UNKNOWN,,zsMonters_language.dat name only; ModelID→obj join not found
m510177,Thủ Lĩnh Sơn Tặc [Tinh],山贼首领【精】,,,UNKNOWN,UNKNOWN,,zsMonters_language.dat name only; ModelID→obj join not found
m510178,Cuồng Bạo Sơn Ưng,狂暴山鹰,,,UNKNOWN,UNKNOWN,,zsMonters_language.dat name only; ModelID→obj join not found
m510179,Thanh Long Thuật Sĩ [Tinh],青龙术士【精】,,,UNKNOWN,UNKNOWN,,zsMonters_language.dat name only; ModelID→obj join not found
m510180,Hồ Ly Đỏ,红狐狸,,,UNKNOWN,UNKNOWN,,zsMonters_language.dat name only; ModelID→obj join not found
m510181,Mâu Chuẩn,矛隼,,,UNKNOWN,UNKNOWN,,zsMonters_language.dat name only; ModelID→obj join not found
m510182,Kiếp Phỉ Lang Thang,流浪劫匪,,,UNKNOWN,UNKNOWN,,zsMonters_language.dat name only; ModelID→obj join not found
m510183,Người Máy Vỏ Sắt,铁壳机器人,,,UNKNOWN,UNKNOWN,,zsMonters_language.dat name only; ModelID→obj join not found
m510184,Nhất Trận Phong,一阵风,,,UNKNOWN,UNKNOWN,,zsMonters_language.dat name only; ModelID→obj join not found
m510185,Huyết Đằng Công [Tinh],血藤公【精】,,,UNKNOWN,UNKNOWN,,zsMonters_language.dat name only; ModelID→obj join not found
m510186,Thụ Tinh Trăm Năm,百年树精,,,UNKNOWN,UNKNOWN,,zsMonters_language.dat name only; ModelID→obj join not found
m510187,Lão Thụ Yêu,老树妖,,,UNKNOWN,UNKNOWN,,zsMonters_language.dat name only; ModelID→obj join not found
m510188,Lão Thụ Ngàn Năm [Tinh],千年老树【精】,,,UNKNOWN,UNKNOWN,,zsMonters_language.dat name only; ModelID→obj join not found
m510189,Hỏa Hồ Ly,火狐狸,,,UNKNOWN,UNKNOWN,,zsMonters_language.dat name only; ModelID→obj join not found
m510190,Hồ Ly Tinh [Tinh],狐狸精【精】,,,UNKNOWN,UNKNOWN,,zsMonters_language.dat name only; ModelID→obj join not found
m510191,Phi Tặc Đầu,飞贼头目,,,UNKNOWN,UNKNOWN,,zsMonters_language.dat name only; ModelID→obj join not found
m510192,Đầu Lĩnh Phi Tặc [Tinh],飞贼头领【精】,,,UNKNOWN,UNKNOWN,,zsMonters_language.dat name only; ModelID→obj join not found
m510193,Uyên Ương [Tinh],鸳鸯【精】,,,UNKNOWN,UNKNOWN,,zsMonters_language.dat name only; ModelID→obj join not found
m510194,Giáo Úy Cuồng Bạo,狂暴校尉,,,UNKNOWN,UNKNOWN,,zsMonters_language.dat name only; ModelID→obj join not found
m510195,Cự Linh Nhân Hình,人形巨灵,,,UNKNOWN,UNKNOWN,,zsMonters_language.dat name only; ModelID→obj join not found
m510196,Hiệu Úy Cuồng Bạo,狂暴校尉,,,UNKNOWN,UNKNOWN,,zsMonters_language.dat name only; ModelID→obj join not found
m510197,Xích Linh Hồ,赤灵狐,,,UNKNOWN,UNKNOWN,,zsMonters_language.dat name only; ModelID→obj join not found
m510198,Hoàng Thiên Hóa [Tinh],黄天化【精】,,,UNKNOWN,UNKNOWN,,zsMonters_language.dat name only; ModelID→obj join not found
m510199,Giáo Úy Đội Trưởng [Tinh],校尉队长【精】,,,UNKNOWN,UNKNOWN,,zsMonters_language.dat name only; ModelID→obj join not found
m510200,Hồ Ly Sa Mạc,沙漠狐狸,,,UNKNOWN,UNKNOWN,,zsMonters_language.dat name only; ModelID→obj join not found
m510201,Hủ Thực Ưng,腐蚀鹰,,,UNKNOWN,UNKNOWN,,zsMonters_language.dat name only; ModelID→obj join not found
m510202,Hoang Dã Thổ Phỉ,荒野土匪,,,UNKNOWN,UNKNOWN,,zsMonters_language.dat name only; ModelID→obj join not found
m510203,Thủ Lĩnh Thổ Phỉ [Tinh],土匪首领【精】,,,UNKNOWN,UNKNOWN,,zsMonters_language.dat name only; ModelID→obj join not found
m510204,Thiên Niên Thụ Tinh,千年树精,,,UNKNOWN,UNKNOWN,,zsMonters_language.dat name only; ModelID→obj join not found
m510205,Kim Quang Yết Đế [Tinh],金光揭谛【精】,,,UNKNOWN,UNKNOWN,,zsMonters_language.dat name only; ModelID→obj join not found
m510206,Ngân Đầu Yết Đế [Tinh],银头揭谛【精】,,,UNKNOWN,UNKNOWN,,zsMonters_language.dat name only; ModelID→obj join not found
m510207,Ba La Yết Đế [Tinh],波罗揭谛【精】,,,UNKNOWN,UNKNOWN,,zsMonters_language.dat name only; ModelID→obj join not found
m510208,Hồng Sa Linh Hồ,红沙灵狐,,,UNKNOWN,UNKNOWN,,zsMonters_language.dat name only; ModelID→obj join not found
m510209,Xích Sa Linh Hồ [Tinh],赤沙灵狐【精】,,,UNKNOWN,UNKNOWN,,zsMonters_language.dat name only; ModelID→obj join not found
m510210,Sa Thạch Khôi Lỗi,砂石傀儡,,,UNKNOWN,UNKNOWN,,zsMonters_language.dat name only; ModelID→obj join not found
m510211,Sa Mạc Ưng,沙漠鹰,,,UNKNOWN,UNKNOWN,,zsMonters_language.dat name only; ModelID→obj join not found
m510212,Võ Sư Lang Thang,流浪武师,,,UNKNOWN,UNKNOWN,,zsMonters_language.dat name only; ModelID→obj join not found
m510213,Liễu Thanh Vân [Tinh],柳青云【精】,,,UNKNOWN,UNKNOWN,,zsMonters_language.dat name only; ModelID→obj join not found
m510214,Ba Lăng Yết Đế [Tinh],波棱揭谛【精】,,,UNKNOWN,UNKNOWN,,zsMonters_language.dat name only; ModelID→obj join not found
m510215,Ma Ha Yết Đế [Tinh],摩诃揭谛【精】,,,UNKNOWN,UNKNOWN,,zsMonters_language.dat name only; ModelID→obj join not found
m510216,Tà Mị Hung Dơi,邪魅凶蝠,,,UNKNOWN,UNKNOWN,,zsMonters_language.dat name only; ModelID→obj join not found
m510217,Dơi Nghìn Năm [Tinh],千年蝙蝠【精】,,,UNKNOWN,UNKNOWN,,zsMonters_language.dat name only; ModelID→obj join not found
m510218,Linh Đồng Yêu Thụ,灵童妖树,,,UNKNOWN,UNKNOWN,,zsMonters_language.dat name only; ModelID→obj join not found
m510219,Thụ Tinh Thị Vệ [Tinh],树精侍卫【精】,,,UNKNOWN,UNKNOWN,,zsMonters_language.dat name only; ModelID→obj join not found
m510220,Thụ Tinh Nghìn Năm [Tinh],千年树精【精】,,,UNKNOWN,UNKNOWN,,zsMonters_language.dat name only; ModelID→obj join not found
m510221,Thi Huyết Hung Dữ,凶猛尸血,,,UNKNOWN,UNKNOWN,,zsMonters_language.dat name only; ModelID→obj join not found
m510222,Thi Huyết Nghìn Năm [Tinh],千年尸血【精】,,,UNKNOWN,UNKNOWN,,zsMonters_language.dat name only; ModelID→obj join not found
m510223,Dương Hoành [Tinh],杨横【精】,,,UNKNOWN,UNKNOWN,,zsMonters_language.dat name only; ModelID→obj join not found
m510224,Tuyệt Long Hủ Thi,绝龙腐尸,,,UNKNOWN,UNKNOWN,,zsMonters_language.dat name only; ModelID→obj join not found
m510225,Tuyệt Vọng Hủ Thi [Tinh],绝望腐尸【精】,,,UNKNOWN,UNKNOWN,,zsMonters_language.dat name only; ModelID→obj join not found
m510226,Nữ Thích Khách,女刺客,,,UNKNOWN,UNKNOWN,,zsMonters_language.dat name only; ModelID→obj join not found
m510227,Bạch Khô Lâu,白骷髅,,,UNKNOWN,UNKNOWN,,zsMonters_language.dat name only; ModelID→obj join not found
m510228,Cường Đạo,强盗,,,UNKNOWN,UNKNOWN,,zsMonters_language.dat name only; ModelID→obj join not found
m510229,Người Máy,机器人,,,UNKNOWN,UNKNOWN,,zsMonters_language.dat name only; ModelID→obj join not found
m510230,Kẻ Vô Mệnh [Tinh],无命者【精】,,,UNKNOWN,UNKNOWN,,zsMonters_language.dat name only; ModelID→obj join not found
m510231,Kim Đức Chân Quân [Tinh],金德真君【精】,,,UNKNOWN,UNKNOWN,,zsMonters_language.dat name only; ModelID→obj join not found
m510232,Trần Yên Quỷ,陈烟鬼,,,UNKNOWN,UNKNOWN,,zsMonters_language.dat name only; ModelID→obj join not found
m510233,Khô Lâu Lực Sĩ,骷髅力士,,,UNKNOWN,UNKNOWN,,zsMonters_language.dat name only; ModelID→obj join not found
m510234,Quỷ Mị Đăng,鬼魅灯,,,UNKNOWN,UNKNOWN,,zsMonters_language.dat name only; ModelID→obj join not found
m510235,Linh Mị Đăng,灵魅灯,,,UNKNOWN,UNKNOWN,,zsMonters_language.dat name only; ModelID→obj join not found
m510236,Thi Vương [Tinh],尸王【精】,,,UNKNOWN,UNKNOWN,,zsMonters_language.dat name only; ModelID→obj join not found
m510237,Thủy Đức Chân Quân [Tinh],水德真君【精】,,,UNKNOWN,UNKNOWN,,zsMonters_language.dat name only; ModelID→obj join not found
m510238,Vô Thủ Quỷ,无首鬼,,,UNKNOWN,UNKNOWN,,zsMonters_language.dat name only; ModelID→obj join not found
m510239,Người Máy Thiết Thủ,铁手机器人,,,UNKNOWN,UNKNOWN,,zsMonters_language.dat name only; ModelID→obj join not found
m510240,Nữ Thích Khách,女刺客,,,UNKNOWN,UNKNOWN,,zsMonters_language.dat name only; ModelID→obj join not found
m510241,Bạch Cốt Khô Lâu,白骨骷髅,,,UNKNOWN,UNKNOWN,,zsMonters_language.dat name only; ModelID→obj join not found
m510242,Giả Hành Tôn [Tinh],假行孙【精】,,,UNKNOWN,UNKNOWN,,zsMonters_language.dat name only; ModelID→obj join not found
m510243,Thổ Đức Chân Quân [Tinh],土德真君【精】,,,UNKNOWN,UNKNOWN,,zsMonters_language.dat name only; ModelID→obj join not found
m510244,Thương Bạch Khô Lâu,苍白骷髅,,,UNKNOWN,UNKNOWN,,zsMonters_language.dat name only; ModelID→obj join not found
m510245,Ma Hóa Khô Lâu,魔化骷髅,,,UNKNOWN,UNKNOWN,,zsMonters_language.dat name only; ModelID→obj join not found
m510246,Lưu Khấu,流寇,,,UNKNOWN,UNKNOWN,,zsMonters_language.dat name only; ModelID→obj join not found
m510247,Kiếp Phỉ,劫匪,,,UNKNOWN,UNKNOWN,,zsMonters_language.dat name only; ModelID→obj join not found
m510248,Hôi Bạch Khô Lâu [Tinh],灰白骷髅【精】,,,UNKNOWN,UNKNOWN,,zsMonters_language.dat name only; ModelID→obj join not found
m510249,Thủ Lĩnh Lưu Khấu [Tinh],流寇首领【精】,,,UNKNOWN,UNKNOWN,,zsMonters_language.dat name only; ModelID→obj join not found
m510250,Thủ Lĩnh Kiếp Phỉ [Tinh],劫匪首领【精】,,,UNKNOWN,UNKNOWN,,zsMonters_language.dat name only; ModelID→obj join not found
m510251,Cường Đạo Một Mắt,独眼强盗,,,UNKNOWN,UNKNOWN,,zsMonters_language.dat name only; ModelID→obj join not found
m510252,Khô Lâu Dũng Sĩ,骷髅勇士,,,UNKNOWN,UNKNOWN,,zsMonters_language.dat name only; ModelID→obj join not found
m510253,Thủ Lĩnh Cường Đạo [Tinh],强盗首领【精】,,,UNKNOWN,UNKNOWN,,zsMonters_language.dat name only; ModelID→obj join not found
m510258,Khô Lâu Vương [Tinh],骷髅王【精】,,,UNKNOWN,UNKNOWN,,zsMonters_language.dat name only; ModelID→obj join not found
m510254,Thiết Giáp Nhân Cơ,铁甲人机,,,UNKNOWN,UNKNOWN,,zsMonters_language.dat name only; ModelID→obj join not found
m510255,Dạ Mị,夜魅,,,UNKNOWN,UNKNOWN,,zsMonters_language.dat name only; ModelID→obj join not found
m510256,Viêm Ma [Thủ],炎魔【守】,,,UNKNOWN,UNKNOWN,,zsMonters_language.dat name only; ModelID→obj join not found
m510257,Khôi Lỗi Quỷ Đế [Tinh],傀儡鬼帝【精】,,,UNKNOWN,UNKNOWN,,zsMonters_language.dat name only; ModelID→obj join not found
m510259,Mị Ma [Tinh],魅魔【精】,,,UNKNOWN,UNKNOWN,,zsMonters_language.dat name only; ModelID→obj join not found
m510260,Hoàng Hoa Cưu Ma,黄花鸠魔,,,UNKNOWN,UNKNOWN,,zsMonters_language.dat name only; ModelID→obj join not found
m510261,Hoàng Hoa Vu Tộc,黄花巫族,,,UNKNOWN,UNKNOWN,,zsMonters_language.dat name only; ModelID→obj join not found
m510262,Hoàng Hoa Tiểu Phỉ,黄花小匪,,,UNKNOWN,UNKNOWN,,zsMonters_language.dat name only; ModelID→obj join not found
m510263,Hoàng Hoa Thổ Phỉ,黄花土匪,,,UNKNOWN,UNKNOWN,,zsMonters_language.dat name only; ModelID→obj join not found
m510264,Ma Hóa Lôi Chấn Tử [Thủ],魔化雷震子【守】,,,UNKNOWN,UNKNOWN,,zsMonters_language.dat name only; ModelID→obj join not found
m510265,Vu Tộc Đội Trưởng [Tinh],巫族队长【精】,,,UNKNOWN,UNKNOWN,,zsMonters_language.dat name only; ModelID→obj join not found
m510266,Vu Tộc Trưởng Lão [Tinh],巫族长老【精】,,,UNKNOWN,UNKNOWN,,zsMonters_language.dat name only; ModelID→obj join not found
m510267,Vu Tộc Tộc Trưởng [Tinh],巫族族长【精】,,,UNKNOWN,UNKNOWN,,zsMonters_language.dat name only; ModelID→obj join not found
m510268,Hoàng Hoa Binh Phỉ [Tinh],黄花兵匪【精】,,,UNKNOWN,UNKNOWN,,zsMonters_language.dat name only; ModelID→obj join not found
m510269,Đội Trưởng Thổ Phỉ [Tinh],土匪队长【精】,,,UNKNOWN,UNKNOWN,,zsMonters_language.dat name only; ModelID→obj join not found
m510270,Hoàng Hoa Đại Cưu Ma [Tinh],黄花大鸠魔【精】,,,UNKNOWN,UNKNOWN,,zsMonters_language.dat name only; ModelID→obj join not found
m510271,Ma Hóa Đại Cưu Ma [Tinh],魔化大鸠魔【精】,,,UNKNOWN,UNKNOWN,,zsMonters_language.dat name only; ModelID→obj join not found
m510272,Hoàng Hoa Ma Thủ,黄花魔手,,,UNKNOWN,UNKNOWN,,zsMonters_language.dat name only; ModelID→obj join not found
m510273,Hoàng Hoa Đại Ma Thủ [Tinh],黄花大魔手【精】,,,UNKNOWN,UNKNOWN,,zsMonters_language.dat name only; ModelID→obj join not found
m510274,Huyền Minh Huyết Thủ,玄冥血手,,,UNKNOWN,UNKNOWN,,zsMonters_language.dat name only; ModelID→obj join not found
m510275,Luyện Huyết Đại Ma [Tinh],炼血大魔【精】,,,UNKNOWN,UNKNOWN,,zsMonters_language.dat name only; ModelID→obj join not found
m510276,Luyện Huyết Cổ Thi,炼血古尸,,,UNKNOWN,UNKNOWN,,zsMonters_language.dat name only; ModelID→obj join not found
m510277,Luyện Huyết Thi Vương [Tinh],炼血尸王【精】,,,UNKNOWN,UNKNOWN,,zsMonters_language.dat name only; ModelID→obj join not found
m510278,Luyện Huyết Ma Thi,炼血魔尸,,,UNKNOWN,UNKNOWN,,zsMonters_language.dat name only; ModelID→obj join not found
m510279,Luyện Huyết Thi Vương [Tinh],炼血尸王【精】,,,UNKNOWN,UNKNOWN,,zsMonters_language.dat name only; ModelID→obj join not found
m510280,Tuyết Sơn Phi Hồ,雪山飞狐,,,UNKNOWN,UNKNOWN,,zsMonters_language.dat name only; ModelID→obj join not found
m510281,Luyện Huyết Hủ Thi,炼血腐尸,,,UNKNOWN,UNKNOWN,,zsMonters_language.dat name only; ModelID→obj join not found
m510282,La Sát Tà Linh,罗刹邪灵,,,UNKNOWN,UNKNOWN,,zsMonters_language.dat name only; ModelID→obj join not found
m510283,Cữu Vĩ Hồ Ly [Tinh],九尾狐狸【精】,,,UNKNOWN,UNKNOWN,,zsMonters_language.dat name only; ModelID→obj join not found
m510284,Ngưng Tuyết Yêu Hồ,凝雪妖狐,,,UNKNOWN,UNKNOWN,,zsMonters_language.dat name only; ModelID→obj join not found
m510285,Tuyết Sơn Yêu Hồ [Tinh],雪山妖狐【精】,,,UNKNOWN,UNKNOWN,,zsMonters_language.dat name only; ModelID→obj join not found
m510286,Du Hồn Ma Đạo Tu Sĩ [Tinh],游魂魔道修士【精】,,,UNKNOWN,UNKNOWN,,zsMonters_language.dat name only; ModelID→obj join not found
m510287,Dương Khiết [Tinh],杨洁【精】,,,UNKNOWN,UNKNOWN,,zsMonters_language.dat name only; ModelID→obj join not found
m510288,Ma Hóa Yêu Đạo,魔化妖道,,,UNKNOWN,UNKNOWN,,zsMonters_language.dat name only; ModelID→obj join not found
m510289,Bạo Lệ Sơn Tặc,暴戾山贼,,,UNKNOWN,UNKNOWN,,zsMonters_language.dat name only; ModelID→obj join not found
m510290,Bạo Lệ Yêu Đạo,暴戾妖道,,,UNKNOWN,UNKNOWN,,zsMonters_language.dat name only; ModelID→obj join not found
m510291,Lý Tam [Tinh],李三【精】,,,UNKNOWN,UNKNOWN,,zsMonters_language.dat name only; ModelID→obj join not found
m510292,Vương Thất [Tinh],王七【精】,,,UNKNOWN,UNKNOWN,,zsMonters_language.dat name only; ModelID→obj join not found
m510293,Chú Chú Chi Kiếm [Tinh],铸铸之剑【精】,,,UNKNOWN,UNKNOWN,,zsMonters_language.dat name only; ModelID→obj join not found
m510294,Bạo Lệ Kiếm Linh,暴戾剑灵,,,UNKNOWN,UNKNOWN,,zsMonters_language.dat name only; ModelID→obj join not found
m510295,Tản Linh Ma Kiếm [Tinh],散灵魔剑【精】,,,UNKNOWN,UNKNOWN,,zsMonters_language.dat name only; ModelID→obj join not found
m510296,Ma Hóa Kiếm Linh,魔化剑灵,,,UNKNOWN,UNKNOWN,,zsMonters_language.dat name only; ModelID→obj join not found
m510297,Tật Phong Tướng Tân Hoàn [Thủ],疾风将辛环【守】,,,UNKNOWN,UNKNOWN,,zsMonters_language.dat name only; ModelID→obj join not found
m510298,Tản Linh Ngàn Năm [Tinh],千年散灵【精】,,,UNKNOWN,UNKNOWN,,zsMonters_language.dat name only; ModelID→obj join not found
m510299,Ma Hóa Tản Linh,魔化散灵,,,UNKNOWN,UNKNOWN,,zsMonters_language.dat name only; ModelID→obj join not found
m510300,Bạo Lệ Tản Linh,暴戾散灵,,,UNKNOWN,UNKNOWN,,zsMonters_language.dat name only; ModelID→obj join not found
m510301,Thỏ Hoang,野兔,,,UNKNOWN,UNKNOWN,,zsMonters_language.dat name only; ModelID→obj join not found
m510302,Chim sẻ,麻雀,,,UNKNOWN,UNKNOWN,,zsMonters_language.dat name only; ModelID→obj join not found
m510303,Hồ Ly Lửa,火狐狸,,,UNKNOWN,UNKNOWN,,zsMonters_language.dat name only; ModelID→obj join not found
m510304,Nấm Tinh,蘑菇精,,,UNKNOWN,UNKNOWN,,zsMonters_language.dat name only; ModelID→obj join not found
m510305,Hồng Hồ Ly,红狐狸,,,UNKNOWN,UNKNOWN,,zsMonters_language.dat name only; ModelID→obj join not found
m510306,Thủy Linh,水灵,,,UNKNOWN,UNKNOWN,,zsMonters_language.dat name only; ModelID→obj join not found
m510307,Bùn Thối,烂泥,,,UNKNOWN,UNKNOWN,,zsMonters_language.dat name only; ModelID→obj join not found
m510308,Ma Thủ,魔手,,,UNKNOWN,UNKNOWN,,zsMonters_language.dat name only; ModelID→obj join not found
m510309,Quái Đèn Lồng,灯笼怪,,,UNKNOWN,UNKNOWN,,zsMonters_language.dat name only; ModelID→obj join not found
m510310,Nửa Khô Lâu,半骷髅,,,UNKNOWN,UNKNOWN,,zsMonters_language.dat name only; ModelID→obj join not found
m510311,Phi Đầu Man,飞头蛮,,,UNKNOWN,UNKNOWN,,zsMonters_language.dat name only; ModelID→obj join not found
m510312,Bích Lạc U Hồn,碧落幽魂,,,UNKNOWN,UNKNOWN,,zsMonters_language.dat name only; ModelID→obj join not found
m510313,Quỷ Hỏa,鬼火,,,UNKNOWN,UNKNOWN,,zsMonters_language.dat name only; ModelID→obj join not found
m510314,Hồ Ly,狐狸,,,UNKNOWN,UNKNOWN,,zsMonters_language.dat name only; ModelID→obj join not found
m510315,Dã Sơn Tước,野山雀,,,UNKNOWN,UNKNOWN,,zsMonters_language.dat name only; ModelID→obj join not found
m510316,Người Máy Luyện Ngục,炼狱机器人,,,UNKNOWN,UNKNOWN,,zsMonters_language.dat name only; ModelID→obj join not found
m510317,Đào Mộc Tinh,桃木精,,,UNKNOWN,UNKNOWN,,zsMonters_language.dat name only; ModelID→obj join not found
m510318,Mộc Đức Chân Quân [Tinh],木德真君【精】,,,UNKNOWN,UNKNOWN,,zsMonters_language.dat name only; ModelID→obj join not found
m510319,Tiểu Sơn Tặc,小山贼,,,UNKNOWN,UNKNOWN,,zsMonters_language.dat name only; ModelID→obj join not found
m510320,Vệ Binh [Thủ],卫兵【守】,,,UNKNOWN,UNKNOWN,,zsMonters_language.dat name only; ModelID→obj join not found
m510321,Vệ Binh [Thủ],卫兵【守】,,,UNKNOWN,UNKNOWN,,zsMonters_language.dat name only; ModelID→obj join not found
m510322,Vệ Binh [Thủ],卫兵【守】,,,UNKNOWN,UNKNOWN,,zsMonters_language.dat name only; ModelID→obj join not found
m510323,Vệ Binh [Thủ],卫兵【守】,,,UNKNOWN,UNKNOWN,,zsMonters_language.dat name only; ModelID→obj join not found
m510324,Vệ Binh [Thủ],卫兵【守】,,,UNKNOWN,UNKNOWN,,zsMonters_language.dat name only; ModelID→obj join not found
m510325,Người Máy Da Đồng,铜皮机器人,,,UNKNOWN,UNKNOWN,,zsMonters_language.dat name only; ModelID→obj join not found
m510326,Ngụy Trấn Thiên [Tinh],伪镇天【精】,,,UNKNOWN,UNKNOWN,,zsMonters_language.dat name only; ModelID→obj join not found
m510327,Đông Đầu Tinh Quân [Tinh],东斗星君【精】,,,UNKNOWN,UNKNOWN,,zsMonters_language.dat name only; ModelID→obj join not found
m510328,Sơn Tước Lớn,大山雀,,,UNKNOWN,UNKNOWN,,zsMonters_language.dat name only; ModelID→obj join not found
m510329,Thiết Thụ Tinh,铁树精,,,UNKNOWN,UNKNOWN,,zsMonters_language.dat name only; ModelID→obj join not found
m510330,Nữ Sơn Tặc,女山贼,,,UNKNOWN,UNKNOWN,,zsMonters_language.dat name only; ModelID→obj join not found
m510331,Tiểu Thâu,小偷,,,UNKNOWN,UNKNOWN,,zsMonters_language.dat name only; ModelID→obj join not found
m510332,Sơn Tặc Nhỏ,小山贼,,,UNKNOWN,UNKNOWN,,zsMonters_language.dat name only; ModelID→obj join not found
m510333,Người Máy Đồng Mộc,铜木机器人,,,UNKNOWN,UNKNOWN,,zsMonters_language.dat name only; ModelID→obj join not found
m510334,Người Máy Đào Mộc,桃木机器人,,,UNKNOWN,UNKNOWN,,zsMonters_language.dat name only; ModelID→obj join not found
m510335,Tây Đẩu Tinh Quân [Tinh],西斗星君【精】,,,UNKNOWN,UNKNOWN,,zsMonters_language.dat name only; ModelID→obj join not found
m510336,Thân Kiến [Tinh],申建【精】,,,UNKNOWN,UNKNOWN,,zsMonters_language.dat name only; ModelID→obj join not found
m510337,Tiếc Ác Hổ [Tinh],惜恶虎【精】,,,UNKNOWN,UNKNOWN,,zsMonters_language.dat name only; ModelID→obj join not found
m510338,Thủ Lĩnh Đầu Lâu,骷髅首领,,,UNKNOWN,UNKNOWN,,zsMonters_language.dat name only; ModelID→obj join not found
m510339,Ma Đạo Tử,魔道子,,,UNKNOWN,UNKNOWN,,zsMonters_language.dat name only; ModelID→obj join not found
m510340,Huyết Khô Lâu [Tinh],血骷髅【精】,,,UNKNOWN,UNKNOWN,,zsMonters_language.dat name only; ModelID→obj join not found
m510341,Hồng Nhã Mị,红雅魅,,,UNKNOWN,UNKNOWN,,zsMonters_language.dat name only; ModelID→obj join not found
m510342,Linh Hồn Quỷ Vương,灵魂鬼王,,,UNKNOWN,UNKNOWN,,zsMonters_language.dat name only; ModelID→obj join not found
m510343,Đèn Lồng Lớn,大灯笼,,,UNKNOWN,UNKNOWN,,zsMonters_language.dat name only; ModelID→obj join not found
m510344,Trung Đẩu Tinh Quân [Tinh],中斗星君【精】,,,UNKNOWN,UNKNOWN,,zsMonters_language.dat name only; ModelID→obj join not found
m510345,Đầu Lĩnh Khô Lâu,骷髅头领,,,UNKNOWN,UNKNOWN,,zsMonters_language.dat name only; ModelID→obj join not found
m510346,Băng Khô Lâu [Tinh],冰骷髅【精】,,,UNKNOWN,UNKNOWN,,zsMonters_language.dat name only; ModelID→obj join not found
m510347,Ma Nhã Mị,魔雅魅,,,UNKNOWN,UNKNOWN,,zsMonters_language.dat name only; ModelID→obj join not found
m510348,Quỷ Đăng,鬼灯,,,UNKNOWN,UNKNOWN,,zsMonters_language.dat name only; ModelID→obj join not found
m510349,Nam Đẩu Tinh Quân [Tinh],南斗星君【精】,,,UNKNOWN,UNKNOWN,,zsMonters_language.dat name only; ModelID→obj join not found
m510350,Quỷ Vương Đăng [Tinh],鬼王灯【精】,,,UNKNOWN,UNKNOWN,,zsMonters_language.dat name only; ModelID→obj join not found
m510351,Khô Lâu Thích Khách,骷髅刺客,,,UNKNOWN,UNKNOWN,,zsMonters_language.dat name only; ModelID→obj join not found
m510352,Khô Lâu Vương [Tinh],骷髅王【精】,,,UNKNOWN,UNKNOWN,,zsMonters_language.dat name only; ModelID→obj join not found
m510353,Hỏa Đầu Man,火头蛮,,,UNKNOWN,UNKNOWN,,zsMonters_language.dat name only; ModelID→obj join not found
m510354,Linh Nhãn Mị,灵眼魅,,,UNKNOWN,UNKNOWN,,zsMonters_language.dat name only; ModelID→obj join not found
m510355,Hỏa Đăng Lồng,火灯笼,,,UNKNOWN,UNKNOWN,,zsMonters_language.dat name only; ModelID→obj join not found
m510356,Dương Văn Huy [Tinh],杨文辉【精】,,,UNKNOWN,UNKNOWN,,zsMonters_language.dat name only; ModelID→obj join not found
m510357,Bắc Đẩu Tinh Quân [Tinh],北斗星君【精】,,,UNKNOWN,UNKNOWN,,zsMonters_language.dat name only; ModelID→obj join not found
m510358,Nữ Phi Tặc,女飞贼,,,UNKNOWN,UNKNOWN,,zsMonters_language.dat name only; ModelID→obj join not found
m510359,Thổ Phỉ,土匪,,,UNKNOWN,UNKNOWN,,zsMonters_language.dat name only; ModelID→obj join not found
m510360,Sơn Tặc,山贼,,,UNKNOWN,UNKNOWN,,zsMonters_language.dat name only; ModelID→obj join not found
m510361,Dương Nhậm [Tinh],杨任【精】,,,UNKNOWN,UNKNOWN,,zsMonters_language.dat name only; ModelID→obj join not found
m510362,Người Máy Thủ Đồng,铜手机器人,,,UNKNOWN,UNKNOWN,,zsMonters_language.dat name only; ModelID→obj join not found
m510363,Hỏa Đức Chân Quân [Tinh],火德真君【精】,,,UNKNOWN,UNKNOWN,,zsMonters_language.dat name only; ModelID→obj join not found
m510364,Cô Đăng Hồn,孤灯魂,,,UNKNOWN,UNKNOWN,,zsMonters_language.dat name only; ModelID→obj join not found
m510365,Khô Lâu Đen,黑骷髅,,,UNKNOWN,UNKNOWN,,zsMonters_language.dat name only; ModelID→obj join not found
m510366,Ảnh Mị,影魅,,,UNKNOWN,UNKNOWN,,zsMonters_language.dat name only; ModelID→obj join not found
m510367,Quỷ Ảnh Đăng,鬼影灯,,,UNKNOWN,UNKNOWN,,zsMonters_language.dat name only; ModelID→obj join not found
m510368,Người Máy Đàn Mộc,木琴机器人,,,UNKNOWN,UNKNOWN,,zsMonters_language.dat name only; ModelID→obj join not found
m510369,Đan Chu Điểu,丹朱鸟,,,UNKNOWN,UNKNOWN,,zsMonters_language.dat name only; ModelID→obj join not found
m510370,Dư Triệu [Tinh],余兆【精】,,,UNKNOWN,UNKNOWN,,zsMonters_language.dat name only; ModelID→obj join not found
m510371,Khai Sơn Trương Đãng Trung [Thủ],开山张荡中【守】,,,UNKNOWN,UNKNOWN,,zsMonters_language.dat name only; ModelID→obj join not found
m510372,Khô Lâu Lực Sĩ,骷髅力士,,,UNKNOWN,UNKNOWN,,zsMonters_language.dat name only; ModelID→obj join not found
m510373,Linh Hồ Thảo Nguyên,草原灵狐,,,UNKNOWN,UNKNOWN,,zsMonters_language.dat name only; ModelID→obj join not found
m510374,Thổ Phỉ Hỗn Loạn,混乱土匪,,,UNKNOWN,UNKNOWN,,zsMonters_language.dat name only; ModelID→obj join not found
m510375,Sơn Tặc Hỗn Loạn,混乱山贼,,,UNKNOWN,UNKNOWN,,zsMonters_language.dat name only; ModelID→obj join not found
m510376,Thủ Lĩnh Thổ Phỉ [Tinh],土匪首领【精】,,,UNKNOWN,UNKNOWN,,zsMonters_language.dat name only; ModelID→obj join not found
m510377,Thủ Lĩnh Sơn Tặc [Tinh],山贼首领【精】,,,UNKNOWN,UNKNOWN,,zsMonters_language.dat name only; ModelID→obj join not found
m510378,Cuồng Bạo Sơn Ưng,狂暴山鹰,,,UNKNOWN,UNKNOWN,,zsMonters_language.dat name only; ModelID→obj join not found
m510379,Thanh Long Thuật Sĩ [Tinh],青龙术士【精】,,,UNKNOWN,UNKNOWN,,zsMonters_language.dat name only; ModelID→obj join not found
m510380,Hồ Ly Đỏ,红狐狸,,,UNKNOWN,UNKNOWN,,zsMonters_language.dat name only; ModelID→obj join not found
m510381,Mâu Chuẩn,矛隼,,,UNKNOWN,UNKNOWN,,zsMonters_language.dat name only; ModelID→obj join not found
m510382,Kiếp Phỉ Lang Thang,流浪劫匪,,,UNKNOWN,UNKNOWN,,zsMonters_language.dat name only; ModelID→obj join not found
m510383,Người Máy Vỏ Sắt,铁壳机器人,,,UNKNOWN,UNKNOWN,,zsMonters_language.dat name only; ModelID→obj join not found
m510384,Nhất Trận Phong,一阵风,,,UNKNOWN,UNKNOWN,,zsMonters_language.dat name only; ModelID→obj join not found
m510385,Huyết Đằng Công [Tinh],血藤公【精】,,,UNKNOWN,UNKNOWN,,zsMonters_language.dat name only; ModelID→obj join not found
m510386,Thụ Tinh Trăm Năm,百年树精,,,UNKNOWN,UNKNOWN,,zsMonters_language.dat name only; ModelID→obj join not found
m510387,Lão Thụ Yêu,老树妖,,,UNKNOWN,UNKNOWN,,zsMonters_language.dat name only; ModelID→obj join not found
m510388,Lão Thụ Ngàn Năm [Tinh],千年老树【精】,,,UNKNOWN,UNKNOWN,,zsMonters_language.dat name only; ModelID→obj join not found
m510389,Hỏa Hồ Ly,火狐狸,,,UNKNOWN,UNKNOWN,,zsMonters_language.dat name only; ModelID→obj join not found
m510390,Hồ Ly Tinh [Tinh],狐狸精【精】,,,UNKNOWN,UNKNOWN,,zsMonters_language.dat name only; ModelID→obj join not found
m510391,Phi Tặc Đầu,飞贼头目,,,UNKNOWN,UNKNOWN,,zsMonters_language.dat name only; ModelID→obj join not found
m510392,Đầu Lĩnh Phi Tặc [Tinh],飞贼头领【精】,,,UNKNOWN,UNKNOWN,,zsMonters_language.dat name only; ModelID→obj join not found
m510393,Uyên Ương [Tinh],鸳鸯【精】,,,UNKNOWN,UNKNOWN,,zsMonters_language.dat name only; ModelID→obj join not found
m510394,Giáo Úy Cuồng Bạo,狂暴校尉,,,UNKNOWN,UNKNOWN,,zsMonters_language.dat name only; ModelID→obj join not found
m510395,Cự Linh Nhân Hình,人形巨灵,,,UNKNOWN,UNKNOWN,,zsMonters_language.dat name only; ModelID→obj join not found
m510396,Hiệu Úy Cuồng Bạo,狂暴校尉,,,UNKNOWN,UNKNOWN,,zsMonters_language.dat name only; ModelID→obj join not found
m510397,Xích Linh Hồ,赤灵狐,,,UNKNOWN,UNKNOWN,,zsMonters_language.dat name only; ModelID→obj join not found
m510398,Hoàng Thiên Hóa [Tinh],黄天化【精】,,,UNKNOWN,UNKNOWN,,zsMonters_language.dat name only; ModelID→obj join not found
m510399,Giáo Úy Đội Trưởng [Tinh],校尉队长【精】,,,UNKNOWN,UNKNOWN,,zsMonters_language.dat name only; ModelID→obj join not found
m510400,Hồ Ly Sa Mạc,沙漠狐狸,,,UNKNOWN,UNKNOWN,,zsMonters_language.dat name only; ModelID→obj join not found
m510401,Hủ Thực Ưng,腐蚀鹰,,,UNKNOWN,UNKNOWN,,zsMonters_language.dat name only; ModelID→obj join not found
m510402,Hoang Dã Thổ Phỉ,荒野土匪,,,UNKNOWN,UNKNOWN,,zsMonters_language.dat name only; ModelID→obj join not found
m510403,Thủ Lĩnh Thổ Phỉ [Tinh],土匪首领【精】,,,UNKNOWN,UNKNOWN,,zsMonters_language.dat name only; ModelID→obj join not found
m510404,Thiên Niên Thụ Tinh,千年树精,,,UNKNOWN,UNKNOWN,,zsMonters_language.dat name only; ModelID→obj join not found
m510405,Kim Quang Yết Đế [Tinh],金光揭谛【精】,,,UNKNOWN,UNKNOWN,,zsMonters_language.dat name only; ModelID→obj join not found
m510406,Ngân Đầu Yết Đế [Tinh],银头揭谛【精】,,,UNKNOWN,UNKNOWN,,zsMonters_language.dat name only; ModelID→obj join not found
m510407,Ba La Yết Đế [Tinh],波罗揭谛【精】,,,UNKNOWN,UNKNOWN,,zsMonters_language.dat name only; ModelID→obj join not found
m510408,Hồng Sa Linh Hồ,红沙灵狐,,,UNKNOWN,UNKNOWN,,zsMonters_language.dat name only; ModelID→obj join not found
m510409,Xích Sa Linh Hồ [Tinh],赤沙灵狐【精】,,,UNKNOWN,UNKNOWN,,zsMonters_language.dat name only; ModelID→obj join not found
m510410,Sa Thạch Khôi Lỗi,砂石傀儡,,,UNKNOWN,UNKNOWN,,zsMonters_language.dat name only; ModelID→obj join not found
m510411,Sa Mạc Ưng,沙漠鹰,,,UNKNOWN,UNKNOWN,,zsMonters_language.dat name only; ModelID→obj join not found
m510412,Võ Sư Lang Thang,流浪武师,,,UNKNOWN,UNKNOWN,,zsMonters_language.dat name only; ModelID→obj join not found
m510413,Liễu Thanh Vân [Tinh],柳青云【精】,,,UNKNOWN,UNKNOWN,,zsMonters_language.dat name only; ModelID→obj join not found
m510414,Ba Lăng Yết Đế [Tinh],波棱揭谛【精】,,,UNKNOWN,UNKNOWN,,zsMonters_language.dat name only; ModelID→obj join not found
m510415,Ma Ha Yết Đế [Tinh],摩诃揭谛【精】,,,UNKNOWN,UNKNOWN,,zsMonters_language.dat name only; ModelID→obj join not found
m510416,Tà Mị Hung Dơi,邪魅凶蝠,,,UNKNOWN,UNKNOWN,,zsMonters_language.dat name only; ModelID→obj join not found
m510417,Dơi Nghìn Năm [Tinh],千年蝙蝠【精】,,,UNKNOWN,UNKNOWN,,zsMonters_language.dat name only; ModelID→obj join not found
m510418,Linh Đồng Yêu Thụ,灵童妖树,,,UNKNOWN,UNKNOWN,,zsMonters_language.dat name only; ModelID→obj join not found
m510419,Thụ Tinh Thị Vệ [Tinh],树精侍卫【精】,,,UNKNOWN,UNKNOWN,,zsMonters_language.dat name only; ModelID→obj join not found
m510420,Thụ Tinh Nghìn Năm [Tinh],千年树精【精】,,,UNKNOWN,UNKNOWN,,zsMonters_language.dat name only; ModelID→obj join not found
m510421,Thi Huyết Hung Dữ,凶猛尸血,,,UNKNOWN,UNKNOWN,,zsMonters_language.dat name only; ModelID→obj join not found
m510422,Thi Huyết Nghìn Năm [Tinh],千年尸血【精】,,,UNKNOWN,UNKNOWN,,zsMonters_language.dat name only; ModelID→obj join not found
m510423,Dương Hoành [Tinh],杨横【精】,,,UNKNOWN,UNKNOWN,,zsMonters_language.dat name only; ModelID→obj join not found
m510424,Tuyệt Long Hủ Thi,绝龙腐尸,,,UNKNOWN,UNKNOWN,,zsMonters_language.dat name only; ModelID→obj join not found
m510425,Tuyệt Vọng Hủ Thi [Tinh],绝望腐尸【精】,,,UNKNOWN,UNKNOWN,,zsMonters_language.dat name only; ModelID→obj join not found
m510426,Nữ Thích Khách,女刺客,,,UNKNOWN,UNKNOWN,,zsMonters_language.dat name only; ModelID→obj join not found
m510427,Bạch Khô Lâu,白骷髅,,,UNKNOWN,UNKNOWN,,zsMonters_language.dat name only; ModelID→obj join not found
m510428,Cường Đạo,强盗,,,UNKNOWN,UNKNOWN,,zsMonters_language.dat name only; ModelID→obj join not found
m510429,Người Máy,机器人,,,UNKNOWN,UNKNOWN,,zsMonters_language.dat name only; ModelID→obj join not found
m510430,Kẻ Vô Mệnh [Tinh],无命者【精】,,,UNKNOWN,UNKNOWN,,zsMonters_language.dat name only; ModelID→obj join not found
m510431,Kim Đức Chân Quân [Tinh],金德真君【精】,,,UNKNOWN,UNKNOWN,,zsMonters_language.dat name only; ModelID→obj join not found
m510432,Trần Yên Quỷ,陈烟鬼,,,UNKNOWN,UNKNOWN,,zsMonters_language.dat name only; ModelID→obj join not found
m510433,Khô Lâu Lực Sĩ,骷髅力士,,,UNKNOWN,UNKNOWN,,zsMonters_language.dat name only; ModelID→obj join not found
m510434,Quỷ Mị Đăng,鬼魅灯,,,UNKNOWN,UNKNOWN,,zsMonters_language.dat name only; ModelID→obj join not found
m510435,Linh Mị Đăng,灵魅灯,,,UNKNOWN,UNKNOWN,,zsMonters_language.dat name only; ModelID→obj join not found
m510436,Thi Vương [Tinh],尸王【精】,,,UNKNOWN,UNKNOWN,,zsMonters_language.dat name only; ModelID→obj join not found
m510437,Thủy Đức Chân Quân [Tinh],水德真君【精】,,,UNKNOWN,UNKNOWN,,zsMonters_language.dat name only; ModelID→obj join not found
m510438,Vô Thủ Quỷ,无首鬼,,,UNKNOWN,UNKNOWN,,zsMonters_language.dat name only; ModelID→obj join not found
m510439,Người Máy Thiết Thủ,铁手机器人,,,UNKNOWN,UNKNOWN,,zsMonters_language.dat name only; ModelID→obj join not found
m510440,Nữ Thích Khách,女刺客,,,UNKNOWN,UNKNOWN,,zsMonters_language.dat name only; ModelID→obj join not found
m510441,Bạch Cốt Khô Lâu,白骨骷髅,,,UNKNOWN,UNKNOWN,,zsMonters_language.dat name only; ModelID→obj join not found
m510442,Giả Hành Tôn [Tinh],假行孙【精】,,,UNKNOWN,UNKNOWN,,zsMonters_language.dat name only; ModelID→obj join not found
m510443,Thổ Đức Chân Quân [Tinh],土德真君【精】,,,UNKNOWN,UNKNOWN,,zsMonters_language.dat name only; ModelID→obj join not found
m510444,Thương Bạch Khô Lâu,苍白骷髅,,,UNKNOWN,UNKNOWN,,zsMonters_language.dat name only; ModelID→obj join not found
m510445,Ma Hóa Khô Lâu,魔化骷髅,,,UNKNOWN,UNKNOWN,,zsMonters_language.dat name only; ModelID→obj join not found
m510446,Lưu Khấu,流寇,,,UNKNOWN,UNKNOWN,,zsMonters_language.dat name only; ModelID→obj join not found
m510447,Kiếp Phỉ,劫匪,,,UNKNOWN,UNKNOWN,,zsMonters_language.dat name only; ModelID→obj join not found
m510448,Hôi Bạch Khô Lâu [Tinh],灰白骷髅【精】,,,UNKNOWN,UNKNOWN,,zsMonters_language.dat name only; ModelID→obj join not found
m510449,Thủ Lĩnh Lưu Khấu [Tinh],流寇首领【精】,,,UNKNOWN,UNKNOWN,,zsMonters_language.dat name only; ModelID→obj join not found
m510450,Thủ Lĩnh Kiếp Phỉ [Tinh],劫匪首领【精】,,,UNKNOWN,UNKNOWN,,zsMonters_language.dat name only; ModelID→obj join not found
m510451,Cường Đạo Một Mắt,独眼强盗,,,UNKNOWN,UNKNOWN,,zsMonters_language.dat name only; ModelID→obj join not found
m510452,Khô Lâu Dũng Sĩ,骷髅勇士,,,UNKNOWN,UNKNOWN,,zsMonters_language.dat name only; ModelID→obj join not found
m510453,Thủ Lĩnh Cường Đạo [Tinh],强盗首领【精】,,,UNKNOWN,UNKNOWN,,zsMonters_language.dat name only; ModelID→obj join not found
m510458,Khô Lâu Vương [Tinh],骷髅王【精】,,,UNKNOWN,UNKNOWN,,zsMonters_language.dat name only; ModelID→obj join not found
m510454,Thiết Giáp Nhân Cơ,铁甲人机,,,UNKNOWN,UNKNOWN,,zsMonters_language.dat name only; ModelID→obj join not found
m510455,Dạ Mị,夜魅,,,UNKNOWN,UNKNOWN,,zsMonters_language.dat name only; ModelID→obj join not found
m510456,Viêm Ma [Thủ],炎魔【守】,,,UNKNOWN,UNKNOWN,,zsMonters_language.dat name only; ModelID→obj join not found
m510457,Khôi Lỗi Quỷ Đế [Tinh],傀儡鬼帝【精】,,,UNKNOWN,UNKNOWN,,zsMonters_language.dat name only; ModelID→obj join not found
m510459,Mị Ma [Tinh],魅魔【精】,,,UNKNOWN,UNKNOWN,,zsMonters_language.dat name only; ModelID→obj join not found
m510460,Tần Nhất,秦一,,,UNKNOWN,UNKNOWN,,zsMonters_language.dat name only; ModelID→obj join not found
m510461,Luyện Ngục Kiếm Ma,炼狱剑魔,,,UNKNOWN,UNKNOWN,,zsMonters_language.dat name only; ModelID→obj join not found
m510462,Luyện Ngục Xích Kiếm [Tinh],炼狱赤剑【精】,,,UNKNOWN,UNKNOWN,,zsMonters_language.dat name only; ModelID→obj join not found
m510463,Luyện Ngục Huyết Kiếm [Tinh],炼狱血剑【精】,,,UNKNOWN,UNKNOWN,,zsMonters_language.dat name only; ModelID→obj join not found
m510464,Huyết Thi [Tinh],血尸【精】,,,UNKNOWN,UNKNOWN,,zsMonters_language.dat name only; ModelID→obj join not found
m510465,Luyện Ngục Vu Tộc,炼狱巫族,,,UNKNOWN,UNKNOWN,,zsMonters_language.dat name only; ModelID→obj join not found
m510466,Luyện Huyết Ma Thủ,炼血魔手,,,UNKNOWN,UNKNOWN,,zsMonters_language.dat name only; ModelID→obj join not found
m510467,Thuần Huyết Vu Tộc,纯血巫族,,,UNKNOWN,UNKNOWN,,zsMonters_language.dat name only; ModelID→obj join not found
m510468,Xi Vu [Tinh],西巫【精】,,,UNKNOWN,UNKNOWN,,zsMonters_language.dat name only; ModelID→obj join not found
m510469,Địa Vu [Tinh],地巫【精】,,,UNKNOWN,UNKNOWN,,zsMonters_language.dat name only; ModelID→obj join not found
m510470,Luyện Ngục Cốt Ma,炼狱骨魔,,,UNKNOWN,UNKNOWN,,zsMonters_language.dat name only; ModelID→obj join not found
m510471,Cốt Liêm [Tinh],骨镰【精】,,,UNKNOWN,UNKNOWN,,zsMonters_language.dat name only; ModelID→obj join not found
m510472,Luyện Ngục Bạch Cốt,炼狱白骨,,,UNKNOWN,UNKNOWN,,zsMonters_language.dat name only; ModelID→obj join not found
m510473,Bạch Cốt [Tinh],白骨【精】,,,UNKNOWN,UNKNOWN,,zsMonters_language.dat name only; ModelID→obj join not found
m510474,Luyện Ngục Hủ Thi,炼狱腐尸,,,UNKNOWN,UNKNOWN,,zsMonters_language.dat name only; ModelID→obj join not found
m510475,Hình Thiên [Thủ],刑天【守】,,,UNKNOWN,UNKNOWN,,zsMonters_language.dat name only; ModelID→obj join not found
m510476,Sĩ Binh Sơn Tặc,山贼士兵,,,UNKNOWN,UNKNOWN,,zsMonters_language.dat name only; ModelID→obj join not found
m510477,Sơn Tặc Tiêu Binh,山贼标兵,,,UNKNOWN,UNKNOWN,,zsMonters_language.dat name only; ModelID→obj join not found
m510478,Sơn Tặc Tinh Nhuệ,山贼精锐,,,UNKNOWN,UNKNOWN,,zsMonters_language.dat name only; ModelID→obj join not found
m510479,Hỏa Diệm Lung,火焰笼,,,UNKNOWN,UNKNOWN,,zsMonters_language.dat name only; ModelID→obj join not found
m510480,Hỏa Diệm Lung Linh [Tinh],火焰笼灵【精】,,,UNKNOWN,UNKNOWN,,zsMonters_language.dat name only; ModelID→obj join not found
m510481,Oán Hồn Hỏa,怨魂火,,,UNKNOWN,UNKNOWN,,zsMonters_language.dat name only; ModelID→obj join not found
m510482,Oán Hồn Hỏa Linh [Tinh],怨魂火灵【精】,,,UNKNOWN,UNKNOWN,,zsMonters_language.dat name only; ModelID→obj join not found
m510483,Sơn Tặc Hộ Vệ,山贼护卫,,,UNKNOWN,UNKNOWN,,zsMonters_language.dat name only; ModelID→obj join not found
m510484,Hãng Kim Long [Tinh],亢金龙【精】,,,UNKNOWN,UNKNOWN,,zsMonters_language.dat name only; ModelID→obj join not found
m510485,Chu Tước [Thủ],朱雀【守】,,,UNKNOWN,UNKNOWN,,zsMonters_language.dat name only; ModelID→obj join not found
m510486,Khương Thang Nghiệp [Tinh],姜汤业【精】,,,UNKNOWN,UNKNOWN,,zsMonters_language.dat name only; ModelID→obj join not found
m510487,Yêu Binh Lực Sĩ,妖兵力士,,,UNKNOWN,UNKNOWN,,zsMonters_language.dat name only; ModelID→obj join not found
m510488,Di Thăng Thiên Tiên [Thủ],移升天仙【守】,,,UNKNOWN,UNKNOWN,,zsMonters_language.dat name only; ModelID→obj join not found
m510489,Yêu Binh Thiên Sư,妖兵天师,,,UNKNOWN,UNKNOWN,,zsMonters_language.dat name only; ModelID→obj join not found
m510490,Hút Huyết Ma Bức,吸血魔蝠,,,UNKNOWN,UNKNOWN,,zsMonters_language.dat name only; ModelID→obj join not found
m510491,Thiên Niên Dạ Bức [Tinh],千年夜蝠【精】,,,UNKNOWN,UNKNOWN,,zsMonters_language.dat name only; ModelID→obj join not found
m510492,Trần Nha Trư Yêu,陈牙猪妖,,,UNKNOWN,UNKNOWN,,zsMonters_language.dat name only; ModelID→obj join not found
m510493,Hỗn Nguyên Thiên Bồng [Tinh],混元天蓬【精】,,,UNKNOWN,UNKNOWN,,zsMonters_language.dat name only; ModelID→obj join not found
m510494,Đại Bàng Kim Sí Điểu,大鹏金翅鸟,,,UNKNOWN,UNKNOWN,,zsMonters_language.dat name only; ModelID→obj join not found
m510495,Huyền Vũ [Tinh],玄武【精】,,,UNKNOWN,UNKNOWN,,zsMonters_language.dat name only; ModelID→obj join not found
m510496,Chi Thổ Lạc [Tinh],氐土貉【精】,,,UNKNOWN,UNKNOWN,,zsMonters_language.dat name only; ModelID→obj join not found
m510497,Yêu Binh Hoán Lôi,妖兵唤雷,,,UNKNOWN,UNKNOWN,,zsMonters_language.dat name only; ModelID→obj join not found
m510498,Điện Nhân Ca [Tinh],电人歌【精】,,,UNKNOWN,UNKNOWN,,zsMonters_language.dat name only; ModelID→obj join not found
m510499,Ma Binh Hoán Lôi,魔兵唤雷,,,UNKNOWN,UNKNOWN,,zsMonters_language.dat name only; ModelID→obj join not found
m510500,Dạ Cơ [Tinh],夜姬【精】,,,UNKNOWN,UNKNOWN,,zsMonters_language.dat name only; ModelID→obj join not found
m999901,Monster Test Player,怪物测试玩家,,,UNKNOWN,UNKNOWN,,zsMonters_language.dat name only; ModelID→obj join not found
m999902,Thiên Kiếp II,天劫II,,,UNKNOWN,UNKNOWN,,zsMonters_language.dat name only; ModelID→obj join not found
m999903,Thiên Kiếp III,天劫III,,,UNKNOWN,UNKNOWN,,zsMonters_language.dat name only; ModelID→obj join not found
m510501,Thỏ Hoang,野兔,,,UNKNOWN,UNKNOWN,,zsMonters_language.dat name only; ModelID→obj join not found
m510502,Chim sẻ,麻雀,,,UNKNOWN,UNKNOWN,,zsMonters_language.dat name only; ModelID→obj join not found
m510503,Hồ Ly Lửa,火狐狸,,,UNKNOWN,UNKNOWN,,zsMonters_language.dat name only; ModelID→obj join not found
m510504,Nấm Tinh,蘑菇精,,,UNKNOWN,UNKNOWN,,zsMonters_language.dat name only; ModelID→obj join not found
m510505,Hồng Hồ Ly,红狐狸,,,UNKNOWN,UNKNOWN,,zsMonters_language.dat name only; ModelID→obj join not found
m510506,Thủy Linh,水灵,,,UNKNOWN,UNKNOWN,,zsMonters_language.dat name only; ModelID→obj join not found
m510507,Bùn Thối,烂泥,,,UNKNOWN,UNKNOWN,,zsMonters_language.dat name only; ModelID→obj join not found
m510672,Vạn Niên Huyết Thụ [Tinh],万年血树【精】,,,UNKNOWN,UNKNOWN,,zsMonters_language.dat name only; ModelID→obj join not found
m510673,Ma Huyết Thi Linh [Tinh],魔血尸灵【精】,,,UNKNOWN,UNKNOWN,,zsMonters_language.dat name only; ModelID→obj join not found
m510674,Ngạc Ý [Tinh],鳄意【精】,,,UNKNOWN,UNKNOWN,,zsMonters_language.dat name only; ModelID→obj join not found
m510675,Ảo Cảnh Tản Linh,幻境散灵,,,UNKNOWN,UNKNOWN,,zsMonters_language.dat name only; ModelID→obj join not found
m510676,Ảo Cảnh Phi Hồ,幻境飞狐,,,UNKNOWN,UNKNOWN,,zsMonters_language.dat name only; ModelID→obj join not found
m510677,Ảo Cảnh Khô Lâu,幻境骷髅,,,UNKNOWN,UNKNOWN,,zsMonters_language.dat name only; ModelID→obj join not found
m510514,Hồ Ly,狐狸,,,UNKNOWN,UNKNOWN,,zsMonters_language.dat name only; ModelID→obj join not found
m510515,Dã Sơn Tước,野山雀,,,UNKNOWN,UNKNOWN,,zsMonters_language.dat name only; ModelID→obj join not found
m510516,Người Máy Luyện Ngục,炼狱机器人,,,UNKNOWN,UNKNOWN,,zsMonters_language.dat name only; ModelID→obj join not found
m510517,Đào Mộc Tinh,桃木精,,,UNKNOWN,UNKNOWN,,zsMonters_language.dat name only; ModelID→obj join not found
m510518,Mộc Đức Chân Quân [Tinh],木德真君【精】,,,UNKNOWN,UNKNOWN,,zsMonters_language.dat name only; ModelID→obj join not found
m510519,Tiểu Sơn Tặc,小山贼,,,UNKNOWN,UNKNOWN,,zsMonters_language.dat name only; ModelID→obj join not found
m510520,Vệ Binh [Thủ],卫兵【守】,,,UNKNOWN,UNKNOWN,,zsMonters_language.dat name only; ModelID→obj join not found
m510521,Vệ Binh [Thủ],卫兵【守】,,,UNKNOWN,UNKNOWN,,zsMonters_language.dat name only; ModelID→obj join not found
m510522,Vệ Binh [Thủ],卫兵【守】,,,UNKNOWN,UNKNOWN,,zsMonters_language.dat name only; ModelID→obj join not found
m510523,Vệ Binh [Thủ],卫兵【守】,,,UNKNOWN,UNKNOWN,,zsMonters_language.dat name only; ModelID→obj join not found
m510524,Vệ Binh [Thủ],卫兵【守】,,,UNKNOWN,UNKNOWN,,zsMonters_language.dat name only; ModelID→obj join not found
m510525,Người Máy Da Đồng,铜皮机器人,,,UNKNOWN,UNKNOWN,,zsMonters_language.dat name only; ModelID→obj join not found
m510526,Ngụy Trấn Thiên [Tinh],伪镇天【精】,,,UNKNOWN,UNKNOWN,,zsMonters_language.dat name only; ModelID→obj join not found
m510527,Đông Đầu Tinh Quân [Tinh],东斗星君【精】,,,UNKNOWN,UNKNOWN,,zsMonters_language.dat name only; ModelID→obj join not found
m510528,Sơn Tước Lớn,大山雀,,,UNKNOWN,UNKNOWN,,zsMonters_language.dat name only; ModelID→obj join not found
m510529,Thiết Thụ Tinh,铁树精,,,UNKNOWN,UNKNOWN,,zsMonters_language.dat name only; ModelID→obj join not found
m510530,Nữ Sơn Tặc,女山贼,,,UNKNOWN,UNKNOWN,,zsMonters_language.dat name only; ModelID→obj join not found
m510531,Tiểu Thâu,小偷,,,UNKNOWN,UNKNOWN,,zsMonters_language.dat name only; ModelID→obj join not found
m510532,Sơn Tặc Nhỏ,小山贼,,,UNKNOWN,UNKNOWN,,zsMonters_language.dat name only; ModelID→obj join not found
m510533,Người Máy Đồng Mộc,铜木机器人,,,UNKNOWN,UNKNOWN,,zsMonters_language.dat name only; ModelID→obj join not found
m510534,Người Máy Đào Mộc,桃木机器人,,,UNKNOWN,UNKNOWN,,zsMonters_language.dat name only; ModelID→obj join not found
m510535,Tây Đẩu Tinh Quân [Tinh],西斗星君【精】,,,UNKNOWN,UNKNOWN,,zsMonters_language.dat name only; ModelID→obj join not found
m510536,Thân Kiến [Tinh],申建【精】,,,UNKNOWN,UNKNOWN,,zsMonters_language.dat name only; ModelID→obj join not found
m510537,Tiếc Ác Hổ [Tinh],惜恶虎【精】,,,UNKNOWN,UNKNOWN,,zsMonters_language.dat name only; ModelID→obj join not found
m510538,Thủ Lĩnh Đầu Lâu,骷髅首领,,,UNKNOWN,UNKNOWN,,zsMonters_language.dat name only; ModelID→obj join not found
m510539,Ma Đạo Tử,魔道子,,,UNKNOWN,UNKNOWN,,zsMonters_language.dat name only; ModelID→obj join not found
m510540,Huyết Khô Lâu [Tinh],血骷髅【精】,,,UNKNOWN,UNKNOWN,,zsMonters_language.dat name only; ModelID→obj join not found
m510541,Hồng Nhã Mị,红雅魅,,,UNKNOWN,UNKNOWN,,zsMonters_language.dat name only; ModelID→obj join not found
m510542,Linh Hồn Quỷ Vương,灵魂鬼王,,,UNKNOWN,UNKNOWN,,zsMonters_language.dat name only; ModelID→obj join not found
m510543,Đèn Lồng Lớn,大灯笼,,,UNKNOWN,UNKNOWN,,zsMonters_language.dat name only; ModelID→obj join not found
m510544,Trung Đẩu Tinh Quân [Tinh],中斗星君【精】,,,UNKNOWN,UNKNOWN,,zsMonters_language.dat name only; ModelID→obj join not found
m510545,Đầu Lĩnh Khô Lâu,骷髅头领,,,UNKNOWN,UNKNOWN,,zsMonters_language.dat name only; ModelID→obj join not found
m510546,Băng Khô Lâu [Tinh],冰骷髅【精】,,,UNKNOWN,UNKNOWN,,zsMonters_language.dat name only; ModelID→obj join not found
m510547,Ma Nhã Mị,魔雅魅,,,UNKNOWN,UNKNOWN,,zsMonters_language.dat name only; ModelID→obj join not found
m510548,Quỷ Đăng,鬼灯,,,UNKNOWN,UNKNOWN,,zsMonters_language.dat name only; ModelID→obj join not found
m510549,Nam Đẩu Tinh Quân [Tinh],南斗星君【精】,,,UNKNOWN,UNKNOWN,,zsMonters_language.dat name only; ModelID→obj join not found
m510550,Quỷ Vương Đăng [Tinh],鬼王灯【精】,,,UNKNOWN,UNKNOWN,,zsMonters_language.dat name only; ModelID→obj join not found
m510551,Khô Lâu Thích Khách,骷髅刺客,,,UNKNOWN,UNKNOWN,,zsMonters_language.dat name only; ModelID→obj join not found
m510552,Khô Lâu Vương [Tinh],骷髅王【精】,,,UNKNOWN,UNKNOWN,,zsMonters_language.dat name only; ModelID→obj join not found
m510553,Hỏa Đầu Man,火头蛮,,,UNKNOWN,UNKNOWN,,zsMonters_language.dat name only; ModelID→obj join not found
m510554,Linh Nhãn Mị,灵眼魅,,,UNKNOWN,UNKNOWN,,zsMonters_language.dat name only; ModelID→obj join not found
m510555,Hỏa Đăng Lồng,火灯笼,,,UNKNOWN,UNKNOWN,,zsMonters_language.dat name only; ModelID→obj join not found
m510556,Dương Văn Huy [Tinh],杨文辉【精】,,,UNKNOWN,UNKNOWN,,zsMonters_language.dat name only; ModelID→obj join not found
m510557,Bắc Đẩu Tinh Quân [Tinh],北斗星君【精】,,,UNKNOWN,UNKNOWN,,zsMonters_language.dat name only; ModelID→obj join not found
m510558,Nữ Phi Tặc,女飞贼,,,UNKNOWN,UNKNOWN,,zsMonters_language.dat name only; ModelID→obj join not found
m510559,Thổ Phỉ,土匪,,,UNKNOWN,UNKNOWN,,zsMonters_language.dat name only; ModelID→obj join not found
m510560,Sơn Tặc,山贼,,,UNKNOWN,UNKNOWN,,zsMonters_language.dat name only; ModelID→obj join not found
m510561,Dương Nhậm [Tinh],杨任【精】,,,UNKNOWN,UNKNOWN,,zsMonters_language.dat name only; ModelID→obj join not found
m510562,Người Máy Thủ Đồng,铜手机器人,,,UNKNOWN,UNKNOWN,,zsMonters_language.dat name only; ModelID→obj join not found
m510563,Hỏa Đức Chân Quân [Tinh],火德真君【精】,,,UNKNOWN,UNKNOWN,,zsMonters_language.dat name only; ModelID→obj join not found
m510564,Cô Đăng Hồn,孤灯魂,,,UNKNOWN,UNKNOWN,,zsMonters_language.dat name only; ModelID→obj join not found
m510565,Khô Lâu Đen,黑骷髅,,,UNKNOWN,UNKNOWN,,zsMonters_language.dat name only; ModelID→obj join not found
m510566,Ảnh Mị,影魅,,,UNKNOWN,UNKNOWN,,zsMonters_language.dat name only; ModelID→obj join not found
m510567,Quỷ Ảnh Đăng,鬼影灯,,,UNKNOWN,UNKNOWN,,zsMonters_language.dat name only; ModelID→obj join not found
m510568,Người Máy Đàn Mộc,木琴机器人,,,UNKNOWN,UNKNOWN,,zsMonters_language.dat name only; ModelID→obj join not found
m510569,Đan Chu Điểu,丹朱鸟,,,UNKNOWN,UNKNOWN,,zsMonters_language.dat name only; ModelID→obj join not found
m510570,Dư Triệu [Tinh],余兆【精】,,,UNKNOWN,UNKNOWN,,zsMonters_language.dat name only; ModelID→obj join not found
m510571,Khai Sơn Trương Đãng Trung [Thủ],开山张荡中【守】,,,UNKNOWN,UNKNOWN,,zsMonters_language.dat name only; ModelID→obj join not found
m510572,Khô Lâu Lực Sĩ,骷髅力士,,,UNKNOWN,UNKNOWN,,zsMonters_language.dat name only; ModelID→obj join not found
m510573,Linh Hồ Thảo Nguyên,草原灵狐,,,UNKNOWN,UNKNOWN,,zsMonters_language.dat name only; ModelID→obj join not found
m510574,Thổ Phỉ Hỗn Loạn,混乱土匪,,,UNKNOWN,UNKNOWN,,zsMonters_language.dat name only; ModelID→obj join not found
m510575,Sơn Tặc Hỗn Loạn,混乱山贼,,,UNKNOWN,UNKNOWN,,zsMonters_language.dat name only; ModelID→obj join not found
m510576,Thủ Lĩnh Thổ Phỉ [Tinh],土匪首领【精】,,,UNKNOWN,UNKNOWN,,zsMonters_language.dat name only; ModelID→obj join not found
m510577,Thủ Lĩnh Sơn Tặc [Tinh],山贼首领【精】,,,UNKNOWN,UNKNOWN,,zsMonters_language.dat name only; ModelID→obj join not found
m510578,Cuồng Bạo Sơn Ưng,狂暴山鹰,,,UNKNOWN,UNKNOWN,,zsMonters_language.dat name only; ModelID→obj join not found
m510579,Thanh Long Thuật Sĩ [Tinh],青龙术士【精】,,,UNKNOWN,UNKNOWN,,zsMonters_language.dat name only; ModelID→obj join not found
m510580,Hồ Ly Đỏ,红狐狸,,,UNKNOWN,UNKNOWN,,zsMonters_language.dat name only; ModelID→obj join not found
m510581,Mâu Chuẩn,矛隼,,,UNKNOWN,UNKNOWN,,zsMonters_language.dat name only; ModelID→obj join not found
m510582,Kiếp Phỉ Lang Thang,流浪劫匪,,,UNKNOWN,UNKNOWN,,zsMonters_language.dat name only; ModelID→obj join not found
m510583,Người Máy Vỏ Sắt,铁壳机器人,,,UNKNOWN,UNKNOWN,,zsMonters_language.dat name only; ModelID→obj join not found
m510584,Nhất Trận Phong,一阵风,,,UNKNOWN,UNKNOWN,,zsMonters_language.dat name only; ModelID→obj join not found
m510585,Huyết Đằng Công [Tinh],血藤公【精】,,,UNKNOWN,UNKNOWN,,zsMonters_language.dat name only; ModelID→obj join not found
m510586,Thụ Tinh Trăm Năm,百年树精,,,UNKNOWN,UNKNOWN,,zsMonters_language.dat name only; ModelID→obj join not found
m510587,Lão Thụ Yêu,老树妖,,,UNKNOWN,UNKNOWN,,zsMonters_language.dat name only; ModelID→obj join not found
m510588,Lão Thụ Ngàn Năm [Tinh],千年老树【精】,,,UNKNOWN,UNKNOWN,,zsMonters_language.dat name only; ModelID→obj join not found
m510589,Hỏa Hồ Ly,火狐狸,,,UNKNOWN,UNKNOWN,,zsMonters_language.dat name only; ModelID→obj join not found
m510590,Hồ Ly Tinh [Tinh],狐狸精【精】,,,UNKNOWN,UNKNOWN,,zsMonters_language.dat name only; ModelID→obj join not found
m510591,Phi Tặc Đầu,飞贼头目,,,UNKNOWN,UNKNOWN,,zsMonters_language.dat name only; ModelID→obj join not found
m510592,Đầu Lĩnh Phi Tặc [Tinh],飞贼头领【精】,,,UNKNOWN,UNKNOWN,,zsMonters_language.dat name only; ModelID→obj join not found
m510593,Uyên Ương [Tinh],鸳鸯【精】,,,UNKNOWN,UNKNOWN,,zsMonters_language.dat name only; ModelID→obj join not found
m510594,Giáo Úy Cuồng Bạo,狂暴校尉,,,UNKNOWN,UNKNOWN,,zsMonters_language.dat name only; ModelID→obj join not found
m510595,Cự Linh Nhân Hình,人形巨灵,,,UNKNOWN,UNKNOWN,,zsMonters_language.dat name only; ModelID→obj join not found
m510596,Hiệu Úy Cuồng Bạo,狂暴校尉,,,UNKNOWN,UNKNOWN,,zsMonters_language.dat name only; ModelID→obj join not found
m510597,Xích Linh Hồ,赤灵狐,,,UNKNOWN,UNKNOWN,,zsMonters_language.dat name only; ModelID→obj join not found
m510598,Hoàng Thiên Hóa [Tinh],黄天化【精】,,,UNKNOWN,UNKNOWN,,zsMonters_language.dat name only; ModelID→obj join not found
m510599,Giáo Úy Đội Trưởng [Tinh],校尉队长【精】,,,UNKNOWN,UNKNOWN,,zsMonters_language.dat name only; ModelID→obj join not found
m510600,Hồ Ly Sa Mạc,沙漠狐狸,,,UNKNOWN,UNKNOWN,,zsMonters_language.dat name only; ModelID→obj join not found
m510601,Hủ Thực Ưng,腐蚀鹰,,,UNKNOWN,UNKNOWN,,zsMonters_language.dat name only; ModelID→obj join not found
m510602,Hoang Dã Thổ Phỉ,荒野土匪,,,UNKNOWN,UNKNOWN,,zsMonters_language.dat name only; ModelID→obj join not found
m510603,Thủ Lĩnh Thổ Phỉ [Tinh],土匪首领【精】,,,UNKNOWN,UNKNOWN,,zsMonters_language.dat name only; ModelID→obj join not found
m510604,Thiên Niên Thụ Tinh,千年树精,,,UNKNOWN,UNKNOWN,,zsMonters_language.dat name only; ModelID→obj join not found
m510605,Kim Quang Yết Đế [Tinh],金光揭谛【精】,,,UNKNOWN,UNKNOWN,,zsMonters_language.dat name only; ModelID→obj join not found
m510606,Ngân Đầu Yết Đế [Tinh],银头揭谛【精】,,,UNKNOWN,UNKNOWN,,zsMonters_language.dat name only; ModelID→obj join not found
m510607,Ba La Yết Đế [Tinh],波罗揭谛【精】,,,UNKNOWN,UNKNOWN,,zsMonters_language.dat name only; ModelID→obj join not found
m510608,Hồng Sa Linh Hồ,红沙灵狐,,,UNKNOWN,UNKNOWN,,zsMonters_language.dat name only; ModelID→obj join not found
m510609,Xích Sa Linh Hồ [Tinh],赤沙灵狐【精】,,,UNKNOWN,UNKNOWN,,zsMonters_language.dat name only; ModelID→obj join not found
m510610,Sa Thạch Khôi Lỗi,砂石傀儡,,,UNKNOWN,UNKNOWN,,zsMonters_language.dat name only; ModelID→obj join not found
m510611,Sa Mạc Ưng,沙漠鹰,,,UNKNOWN,UNKNOWN,,zsMonters_language.dat name only; ModelID→obj join not found
m510612,Võ Sư Lang Thang,流浪武师,,,UNKNOWN,UNKNOWN,,zsMonters_language.dat name only; ModelID→obj join not found
m510613,Liễu Thanh Vân [Tinh],柳青云【精】,,,UNKNOWN,UNKNOWN,,zsMonters_language.dat name only; ModelID→obj join not found
m510614,Ba Lăng Yết Đế [Tinh],波棱揭谛【精】,,,UNKNOWN,UNKNOWN,,zsMonters_language.dat name only; ModelID→obj join not found
m510615,Ma Ha Yết Đế [Tinh],摩诃揭谛【精】,,,UNKNOWN,UNKNOWN,,zsMonters_language.dat name only; ModelID→obj join not found
m510616,Tà Mị Hung Dơi,邪魅凶蝠,,,UNKNOWN,UNKNOWN,,zsMonters_language.dat name only; ModelID→obj join not found
m510617,Dơi Nghìn Năm [Tinh],千年蝙蝠【精】,,,UNKNOWN,UNKNOWN,,zsMonters_language.dat name only; ModelID→obj join not found
m510618,Linh Đồng Yêu Thụ,灵童妖树,,,UNKNOWN,UNKNOWN,,zsMonters_language.dat name only; ModelID→obj join not found
m510619,Thụ Tinh Thị Vệ [Tinh],树精侍卫【精】,,,UNKNOWN,UNKNOWN,,zsMonters_language.dat name only; ModelID→obj join not found
m510620,Thụ Tinh Nghìn Năm [Tinh],千年树精【精】,,,UNKNOWN,UNKNOWN,,zsMonters_language.dat name only; ModelID→obj join not found
m510621,Thi Huyết Hung Dữ,凶猛尸血,,,UNKNOWN,UNKNOWN,,zsMonters_language.dat name only; ModelID→obj join not found
m510622,Thi Huyết Nghìn Năm [Tinh],千年尸血【精】,,,UNKNOWN,UNKNOWN,,zsMonters_language.dat name only; ModelID→obj join not found
m510623,Dương Hoành [Tinh],杨横【精】,,,UNKNOWN,UNKNOWN,,zsMonters_language.dat name only; ModelID→obj join not found
m510624,Tuyệt Long Hủ Thi,绝龙腐尸,,,UNKNOWN,UNKNOWN,,zsMonters_language.dat name only; ModelID→obj join not found
m510625,Tuyệt Vọng Hủ Thi [Tinh],绝望腐尸【精】,,,UNKNOWN,UNKNOWN,,zsMonters_language.dat name only; ModelID→obj join not found
m510626,Nữ Thích Khách,女刺客,,,UNKNOWN,UNKNOWN,,zsMonters_language.dat name only; ModelID→obj join not found
m510627,Bạch Khô Lâu,白骷髅,,,UNKNOWN,UNKNOWN,,zsMonters_language.dat name only; ModelID→obj join not found
m510628,Cường Đạo,强盗,,,UNKNOWN,UNKNOWN,,zsMonters_language.dat name only; ModelID→obj join not found
m510629,Người Máy,机器人,,,UNKNOWN,UNKNOWN,,zsMonters_language.dat name only; ModelID→obj join not found
m510630,Kẻ Vô Mệnh [Tinh],无命者【精】,,,UNKNOWN,UNKNOWN,,zsMonters_language.dat name only; ModelID→obj join not found
m510631,Kim Đức Chân Quân [Tinh],金德真君【精】,,,UNKNOWN,UNKNOWN,,zsMonters_language.dat name only; ModelID→obj join not found
m510632,Trần Yên Quỷ,陈烟鬼,,,UNKNOWN,UNKNOWN,,zsMonters_language.dat name only; ModelID→obj join not found
m510633,Khô Lâu Lực Sĩ,骷髅力士,,,UNKNOWN,UNKNOWN,,zsMonters_language.dat name only; ModelID→obj join not found
m510634,Quỷ Mị Đăng,鬼魅灯,,,UNKNOWN,UNKNOWN,,zsMonters_language.dat name only; ModelID→obj join not found
m510635,Linh Mị Đăng,灵魅灯,,,UNKNOWN,UNKNOWN,,zsMonters_language.dat name only; ModelID→obj join not found
m510636,Thi Vương [Tinh],尸王【精】,,,UNKNOWN,UNKNOWN,,zsMonters_language.dat name only; ModelID→obj join not found
m510637,Thủy Đức Chân Quân [Tinh],水德真君【精】,,,UNKNOWN,UNKNOWN,,zsMonters_language.dat name only; ModelID→obj join not found
m510638,Vô Thủ Quỷ,无首鬼,,,UNKNOWN,UNKNOWN,,zsMonters_language.dat name only; ModelID→obj join not found
m510639,Người Máy Thiết Thủ,铁手机器人,,,UNKNOWN,UNKNOWN,,zsMonters_language.dat name only; ModelID→obj join not found
m510640,Nữ Thích Khách,女刺客,,,UNKNOWN,UNKNOWN,,zsMonters_language.dat name only; ModelID→obj join not found
m510641,Bạch Cốt Khô Lâu,白骨骷髅,,,UNKNOWN,UNKNOWN,,zsMonters_language.dat name only; ModelID→obj join not found
m510642,Giả Hành Tôn [Tinh],假行孙【精】,,,UNKNOWN,UNKNOWN,,zsMonters_language.dat name only; ModelID→obj join not found
m510643,Thổ Đức Chân Quân [Tinh],土德真君【精】,,,UNKNOWN,UNKNOWN,,zsMonters_language.dat name only; ModelID→obj join not found
m510644,Thương Bạch Khô Lâu,苍白骷髅,,,UNKNOWN,UNKNOWN,,zsMonters_language.dat name only; ModelID→obj join not found
m510645,Ma Hóa Khô Lâu,魔化骷髅,,,UNKNOWN,UNKNOWN,,zsMonters_language.dat name only; ModelID→obj join not found
m510646,Lưu Khấu,流寇,,,UNKNOWN,UNKNOWN,,zsMonters_language.dat name only; ModelID→obj join not found
m510647,Kiếp Phỉ,劫匪,,,UNKNOWN,UNKNOWN,,zsMonters_language.dat name only; ModelID→obj join not found
m510648,Hôi Bạch Khô Lâu [Tinh],灰白骷髅【精】,,,UNKNOWN,UNKNOWN,,zsMonters_language.dat name only; ModelID→obj join not found
m510649,Thủ Lĩnh Lưu Khấu [Tinh],流寇首领【精】,,,UNKNOWN,UNKNOWN,,zsMonters_language.dat name only; ModelID→obj join not found
m510650,Thủ Lĩnh Kiếp Phỉ [Tinh],劫匪首领【精】,,,UNKNOWN,UNKNOWN,,zsMonters_language.dat name only; ModelID→obj join not found
m510651,Cường Đạo Một Mắt,独眼强盗,,,UNKNOWN,UNKNOWN,,zsMonters_language.dat name only; ModelID→obj join not found
m510652,Khô Lâu Dũng Sĩ,骷髅勇士,,,UNKNOWN,UNKNOWN,,zsMonters_language.dat name only; ModelID→obj join not found
m510653,Thủ Lĩnh Cường Đạo [Tinh],强盗首领【精】,,,UNKNOWN,UNKNOWN,,zsMonters_language.dat name only; ModelID→obj join not found
m510658,Khô Lâu Vương [Tinh],骷髅王【精】,,,UNKNOWN,UNKNOWN,,zsMonters_language.dat name only; ModelID→obj join not found
m510654,Thiết Giáp Nhân Cơ,铁甲人机,,,UNKNOWN,UNKNOWN,,zsMonters_language.dat name only; ModelID→obj join not found
m510655,Dạ Mị,夜魅,,,UNKNOWN,UNKNOWN,,zsMonters_language.dat name only; ModelID→obj join not found
m510656,Viêm Ma [Thủ],炎魔【守】,,,UNKNOWN,UNKNOWN,,zsMonters_language.dat name only; ModelID→obj join not found
m510657,Thiết Giáp Khôi Lỗi [Tinh],铁甲傀儡【精】,,,UNKNOWN,UNKNOWN,,zsMonters_language.dat name only; ModelID→obj join not found
m510659,Mị Ma [Tinh],魅魔【精】,,,UNKNOWN,UNKNOWN,,zsMonters_language.dat name only; ModelID→obj join not found
m510660,Vu Tộc Binh Sĩ,巫族兵士,,,UNKNOWN,UNKNOWN,,zsMonters_language.dat name only; ModelID→obj join not found
m510661,Ma Hóa Đại Cưu,魔化大鸠,,,UNKNOWN,UNKNOWN,,zsMonters_language.dat name only; ModelID→obj join not found
m510662,Dục Long [Thủ],育龙【守】,,,UNKNOWN,UNKNOWN,,zsMonters_language.dat name only; ModelID→obj join not found
m510663,Khôi Lỗi Quỷ Đế [Tinh],傀儡鬼帝【精】,,,UNKNOWN,UNKNOWN,,zsMonters_language.dat name only; ModelID→obj join not found
m510664,Khương Chân Nhân [Thủ],姜真人【守】,,,UNKNOWN,UNKNOWN,,zsMonters_language.dat name only; ModelID→obj join not found
m510665,Ma Huyết Yêu Điểu,魔血妖鸟,,,UNKNOWN,UNKNOWN,,zsMonters_language.dat name only; ModelID→obj join not found
m510666,Ma Huyết Vu Yêu,魔血巫妖,,,UNKNOWN,UNKNOWN,,zsMonters_language.dat name only; ModelID→obj join not found
m510667,Ma Huyết Yêu Hồ,魔血妖狐,,,UNKNOWN,UNKNOWN,,zsMonters_language.dat name only; ModelID→obj join not found
m510668,Ma Huyết Thiên Hồ [Tinh],魔血天狐【精】,,,UNKNOWN,UNKNOWN,,zsMonters_language.dat name only; ModelID→obj join not found
m510669,Ma Huyết Yêu Thụ,魔血妖树,,,UNKNOWN,UNKNOWN,,zsMonters_language.dat name only; ModelID→obj join not found
m510670,Ma Huyết Kim Điểu,魔血金鸟,,,UNKNOWN,UNKNOWN,,zsMonters_language.dat name only; ModelID→obj join not found
m510671,Ma Huyết Hủ Thi,魔血腐尸,,,UNKNOWN,UNKNOWN,,zsMonters_language.dat name only; ModelID→obj join not found
m510678,Ảo Cảnh Hỏa Hồ Ly,幻境火狐狸,,,UNKNOWN,UNKNOWN,,zsMonters_language.dat name only; ModelID→obj join not found
m510679,Ảo Cảnh Cửu Vĩ Hồ [Tinh],幻境九尾狐【精】,,,UNKNOWN,UNKNOWN,,zsMonters_language.dat name only; ModelID→obj join not found
m510680,Hoa Hải [Tinh],花海【精】,,,UNKNOWN,UNKNOWN,,zsMonters_language.dat name only; ModelID→obj join not found
m510681,Ảo Cảnh Huyết Khô Lâu [Tinh],幻境血骷髅【精】,,,UNKNOWN,UNKNOWN,,zsMonters_language.dat name only; ModelID→obj join not found
m510682,Ảo Cảnh Vạn Niên Tản Linh [Tinh],幻境万年散灵【精】,,,UNKNOWN,UNKNOWN,,zsMonters_language.dat name only; ModelID→obj join not found
m510683,Ảo Cảnh Thiên Niên Phi Hồ [Tinh],幻境千年飞狐【精】,,,UNKNOWN,UNKNOWN,,zsMonters_language.dat name only; ModelID→obj join not found
m550001,Tiểu Ngọc Thố,小玉兔,,,UNKNOWN,UNKNOWN,,zsMonters_language.dat name only; ModelID→obj join not found
m550002,Tiểu Ngọc Thố,小玉兔,,,UNKNOWN,UNKNOWN,,zsMonters_language.dat name only; ModelID→obj join not found
m550003,Tiểu Ngọc Thố,小玉兔,,,UNKNOWN,UNKNOWN,,zsMonters_language.dat name only; ModelID→obj join not found
m550004,Tiểu Ngọc Thố,小玉兔,,,UNKNOWN,UNKNOWN,,zsMonters_language.dat name only; ModelID→obj join not found
m550005,Tiểu Ngọc Thố,小玉兔,,,UNKNOWN,UNKNOWN,,zsMonters_language.dat name only; ModelID→obj join not found
m510727,Ma Hóa Sơn Tặc,魔化山贼,,,UNKNOWN,UNKNOWN,,zsMonters_language.dat name only; ModelID→obj join not found
m999904,Vệ Binh,卫兵,,,UNKNOWN,UNKNOWN,,zsMonters_language.dat name only; ModelID→obj join not found
m999905,Vệ Binh Điểm Hồi Sinh [Tinh],复活点卫兵【精】,,,UNKNOWN,UNKNOWN,,zsMonters_language.dat name only; ModelID→obj join not found
m999906,Vệ Binh,卫兵,,,UNKNOWN,UNKNOWN,,zsMonters_language.dat name only; ModelID→obj join not found
m999907,Vệ Binh Điểm Hồi Sinh [Tinh],复活点卫兵【精】,,,UNKNOWN,UNKNOWN,,zsMonters_language.dat name only; ModelID→obj join not found
m999908,Vệ Binh,卫兵,,,UNKNOWN,UNKNOWN,,zsMonters_language.dat name only; ModelID→obj join not found
m999909,Vệ Binh Điểm Hồi Sinh [Tinh],复活点卫兵【精】,,,UNKNOWN,UNKNOWN,,zsMonters_language.dat name only; ModelID→obj join not found
m999910,Vệ Binh Thành [Bắc],城卫兵【北】,,,UNKNOWN,UNKNOWN,,zsMonters_language.dat name only; ModelID→obj join not found
m999911,Vệ Binh Thành [Nam],城卫兵【南】,,,UNKNOWN,UNKNOWN,,zsMonters_language.dat name only; ModelID→obj join not found
m999912,Vệ Binh Thành [Đông],城卫兵【东】,,,UNKNOWN,UNKNOWN,,zsMonters_language.dat name only; ModelID→obj join not found
m420192,Xe Tiêu,镖车,,,UNKNOWN,UNKNOWN,,zsMonters_language.dat name only; ModelID→obj join not found
m420193,Tiêu Đạo,镖道,,,UNKNOWN,UNKNOWN,,zsMonters_language.dat name only; ModelID→obj join not found
m520101,Linh Mộc Khôi Lỗi,灵木傀儡,,,UNKNOWN,UNKNOWN,,zsMonters_language.dat name only; ModelID→obj join not found
m520102,Cơ Giới Khôi Lỗi,机械傀儡,,,UNKNOWN,UNKNOWN,,zsMonters_language.dat name only; ModelID→obj join not found
m520103,Thạch Đầu,石头,,,UNKNOWN,UNKNOWN,,zsMonters_language.dat name only; ModelID→obj join not found
m520104,Thủ Vệ Di Tích,遗迹守卫,,,UNKNOWN,UNKNOWN,,zsMonters_language.dat name only; ModelID→obj join not found
m520105,Thủ Vệ Di Tích,遗迹守卫,,,UNKNOWN,UNKNOWN,,zsMonters_language.dat name only; ModelID→obj join not found
m520106,Thủ Vệ Di Tích,遗迹守卫,,,UNKNOWN,UNKNOWN,,zsMonters_language.dat name only; ModelID→obj join not found
m520107,Hỏa Hồ Ly,火狐狸,,,UNKNOWN,UNKNOWN,,zsMonters_language.dat name only; ModelID→obj join not found
m520108,Hồ Ly Chín Đuôi,九尾狐,,,UNKNOWN,UNKNOWN,,zsMonters_language.dat name only; ModelID→obj join not found
m520109,Yêu Hồ Chi Vương,妖狐之王,,,UNKNOWN,UNKNOWN,,zsMonters_language.dat name only; ModelID→obj join not found
m520110,Kiếm Linh,剑灵,,,UNKNOWN,UNKNOWN,,zsMonters_language.dat name only; ModelID→obj join not found
m520111,Tản Linh,散灵,,,UNKNOWN,UNKNOWN,,zsMonters_language.dat name only; ModelID→obj join not found
m520112,U Linh,幽灵,,,UNKNOWN,UNKNOWN,,zsMonters_language.dat name only; ModelID→obj join not found
m520113,Tử Bì Linh Ma,紫皮灵魔,,,UNKNOWN,UNKNOWN,,zsMonters_language.dat name only; ModelID→obj join not found
m520114,Lam Bì Linh Ma,蓝皮灵魔,,,UNKNOWN,UNKNOWN,,zsMonters_language.dat name only; ModelID→obj join not found
m520115,Linh Ma Thủ Lĩnh,灵魔首领,,,UNKNOWN,UNKNOWN,,zsMonters_language.dat name only; ModelID→obj join not found
m520120,Hỏa Diễm Lĩnh Chủ,火焰领主,,,UNKNOWN,UNKNOWN,,zsMonters_language.dat name only; ModelID→obj join not found
m520121,Nguyên Dã Ma Quân,原野魔君,,,UNKNOWN,UNKNOWN,,zsMonters_language.dat name only; ModelID→obj join not found
m520122,Tuyền Quái,泉怪,,,UNKNOWN,UNKNOWN,,zsMonters_language.dat name only; ModelID→obj join not found
m520123,Khai Minh Thú,开明兽,,,UNKNOWN,UNKNOWN,,zsMonters_language.dat name only; ModelID→obj join not found
m520124,Lôi Thần,雷神,,,UNKNOWN,UNKNOWN,,zsMonters_language.dat name only; ModelID→obj join not found
m520125,Chúc Long,烛龙,,,UNKNOWN,UNKNOWN,,zsMonters_language.dat name only; ModelID→obj join not found
m520126,Thánh Điện Hộ Pháp,圣殿护法,,,UNKNOWN,UNKNOWN,,zsMonters_language.dat name only; ModelID→obj join not found
m520127,Thánh Điện Thủ Vệ,圣殿守卫,,,UNKNOWN,UNKNOWN,,zsMonters_language.dat name only; ModelID→obj join not found
m520128,Vô Đầu Tướng Quân,无头将军,,,UNKNOWN,UNKNOWN,,zsMonters_language.dat name only; ModelID→obj join not found
m520129,Linh Mộc Khôi Lỗi,灵木傀儡,,,UNKNOWN,UNKNOWN,,zsMonters_language.dat name only; ModelID→obj join not found
m520130,Độc Giác Nê Quái,独角泥怪,,,UNKNOWN,UNKNOWN,,zsMonters_language.dat name only; ModelID→obj join not found
m520131,Phiên Địa Linh,翻地灵,,,UNKNOWN,UNKNOWN,,zsMonters_language.dat name only; ModelID→obj join not found
